question,choices,subject,answer
چار ایک جیسے الٹرنیٹر ہر ایک کو 20 MVA کے لیے درجہ بندی کیا گیا ہے، 11 KV جن کا 16% کا سب ٹرانسینٹ ری ایکٹنس ہے متوازی طور پر کام کر رہے ہیں۔ بس بار میں شارٹ سرکٹ کی سطح ہے۔,500 ایم وی اے|400 ایم وی اے|125 ایم وی اے|100 ایم وی اے,electrical_engineering,0
بوہر ماڈل کے مطابق، ایک الیکٹران صرف توانائی حاصل کرتا ہے یا نقصان پہنچاتا ہے۔,اجازت شدہ مدار میں تیز یا سست حرکت کرنا۔|ایک سے دوسرے مدار میں چھلانگ لگانا۔|ایک ایٹم سے مکمل طور پر ہٹا دیا جا رہا ہے.|ایک ایٹم سے دوسرے ایٹم پر چھلانگ لگانا۔,electrical_engineering,1
تین ریاستی بفر میں درج ذیل آؤٹ پٹ ریاستیں ہوتی ہیں۔,1، 0، فلوٹ|اونچی، نیچی، فلوٹ|اے اور بی دونوں|سیٹ کریں، ری سیٹ کریں، رکیں۔,electrical_engineering,2
مندرجہ ذیل عناصر میں سے کس کا استعمال کرتے ہوئے، مکینیکل ٹرانسلیشنل سسٹم حاصل کیے جاتے ہیں؟,بڑے پیمانے پر عنصر|موسم بہار کا عنصر|ڈیش برتن|اوپر کا سارا,electrical_engineering,3
40 µF میں سے ہر ایک کے چار کیپسیٹرز متوازی طور پر جڑے ہوئے ہیں، سسٹم کی مساوی گنجائش ہوگی,160 µF|10 µF|40 µF|5 µF,electrical_engineering,0
قطر d اور لمبائی l کے موصل کی مزاحمت R Ω ہے۔ اگر موصل کا قطر آدھا کر دیا جائے اور اس کی لمبائی دوگنی ہو جائے تو مزاحمت ہو گی۔,R Ω|2R Ω|4R Ω|8R Ω,electrical_engineering,2
ایک سنگل فیز فل برج انورٹر لوڈ کمیوٹیشن موڈ میں کام کر سکتا ہے اگر بوجھ پر مشتمل ہو,آر ایل|RLC انڈر ڈیمپڈ۔|RLC اوورڈیمپڈ۔|RLC تنقیدی طور پر نم ہے۔,electrical_engineering,1
ایک مائکرو پروسیسر ALU ہے۔,اور ایک ہی چپ پر کنٹرول یونٹ۔|اور ایک چپ پر میموری۔|ایک ہی چپ پر یونٹ اور I/O ڈیوائس کو رجسٹر کریں۔|ایک ہی چپ پر یونٹ اور کنٹرول یونٹ رجسٹر کریں۔,electrical_engineering,3
اہلیت کی اعلی قدر حاصل کرنے کے لیے، ڈائی الیکٹرک میڈیم کی اجازت ہونی چاہیے۔,کم|صفر|اعلی|اتحاد,electrical_engineering,2
انحراف کا طریقہ براہ راست پیمائش سب سے زیادہ استعمال کیا جاتا ہے جیسا کہ یہ ہیں۔,کم سے کم وقت لگ رہا ہے.|سب سے آسان.|سب سے آسان اور کم سے کم وقت لینے والا۔|سب سے زیادہ درست.,electrical_engineering,2
خالصتاً مکینیکل آلہ متحرک پیمائش کے لیے استعمال نہیں کیا جا سکتا کیونکہ ان کے پاس ہے۔,اعلی جڑتا.|اعلی ردعمل کا وقت.|بڑے وقت مسلسل.|اوپر کا سارا۔,electrical_engineering,3
زیادہ ٹرانسمیشن وولٹیج کے فوائد ہیں/ہیں۔,ٹرانسمیشن لائن کی بجلی کی منتقلی کی صلاحیت میں اضافہ ہوا ہے۔|ٹرانسمیشن لائن لاسز کم ہوئے ہیں۔|کراس سیکشن کا رقبہ اور کنڈکٹر کا حجم کم ہو گیا ہے۔|اوپر کا سارا,electrical_engineering,3
وولٹیج کلیمپنگ ڈیوائس کے ذریعہ پیش کردہ اوور وولٹیج حالت میں رکاوٹ ہے۔,اعلی|کم|اعتدال پسند|انفینٹی,electrical_engineering,1
ہموار گول کنڈکٹر پر مشتمل ایک لمبی تار اوپر اور زمین کے متوازی چلتی ہے (فرض کیا جاتا ہے کہ ایک بڑا کنڈکٹنگ ہوائی جہاز ہے)۔ کنڈکٹر اور گراؤنڈ کے درمیان ایک ہائی وولٹیج موجود ہے۔ زیادہ سے زیادہ برقی تناؤ اس وقت ہوتا ہے۔,موصل کی نچلی سطح۔|موصل کی اوپری سطح۔|زمین کی سطح.|کنڈکٹر اور زمین کے درمیان درمیانی راستہ۔,electrical_engineering,0
ڈی سی مشین میں 6 پول ویو وائنڈنگ استعمال ہوتی ہے۔ متوازی راستوں کی تعداد کتنی ہے؟,6|4|2|1,electrical_engineering,2
مندرجہ ذیل میں سے کون سا ڈیجیٹل ڈیوائس ہے۔,پنکھے کا ریگولیٹر|مائیکروفون|مواد کی مزاحمت|روشنی سوئچ,electrical_engineering,3
انڈکٹر میں فوری طاقت متناسب ہے۔,فوری کرنٹ اور کرنٹ کی تبدیلی کی شرح کی پیداوار۔|فوری کرنٹ کا مربع۔|کرنٹ کی تبدیلی کی شرح کا مربع۔|انڈکٹر کا درجہ حرارت,electrical_engineering,0
مندرجہ ذیل میں سے کون سا متغیر نقل مکانی کرنے والا ٹرانسڈیوسر ہے؟,ٹیکو میٹر|پوٹینشیومیٹر|synchros|مندرجہ بالا میں سے کوئی نہیں,electrical_engineering,1
5 µF میں سے ہر ایک کے پانچ کیپسیٹرز سیریز میں جڑے ہوئے ہیں، سسٹم کی مساوی گنجائش ہوگی,5 µF|25 µF|10 µF|1 µF,electrical_engineering,3
کے لیے حساسیت منفی ہے۔,غیر مقناطیسی مادہ|ڈائی میگنیٹک مادے|فیرو میگنیٹک مادے|اوپر میں سے کوئی نہیں.,electrical_engineering,1
مندرجہ ذیل میں سے ایک آسکیلیٹر کا بنیادی کام ہے۔,sinusoidal oscillations پیدا کرتا ہے|غیر سائنوسائیڈل ویوفارمز پیدا کرتا ہے۔|ایک مستقل طول و عرض اور مخصوص تعدد پر مستقل دولن پیدا کرتا ہے۔|مندرجہ بالا میں سے کوئی نہیں,electrical_engineering,2
برقی مزاحمتی ویلڈنگ کے لیے دھات کی سطحیں ہونی چاہئیں,کھردرا|صاف|گیلا|رنگین,electrical_engineering,1
ایس سی آر کا لیچنگ کرنٹ 20 ایم اے ہے۔ اس کا ہولڈنگ کرنٹ ہوگا۔,23 ایم اے|40 ایم اے|10 ایم اے|60 ایم اے,electrical_engineering,2
فورس کرنٹ قیاس میں، نقل مکانی کے لیے برقی مشابہ مقدار (x) ہے,وولٹیج۔|انڈکٹنس|اہلیت|بہاؤ,electrical_engineering,3
ایک oscillator میں فیڈ بیک سرکٹ کی طرف سے مکمل کیا جا سکتا ہے,ان پٹ اور آؤٹ پٹ کے درمیان مزاحم جوڑے|ان پٹ اور آؤٹ پٹ کے درمیان Capacitive کپلنگ|ان پٹ اور آؤٹ پٹ کے درمیان دلکش جوڑے|مندرجہ بالا طریقوں میں سے کوئی ایک یا مجموعہ,electrical_engineering,3
سب سے کم اہم تعدد صفر کی وجہ سے ہے اور یہ اصل میں موجود یا اصل کے قریب ہو سکتا ہے، پھر نیٹ ورک کی قسم ہے,ایل سی سرکٹ۔|آر سی سرکٹ۔|آر ایل سی سرکٹ۔|آر ایل سرکٹ۔,electrical_engineering,3
ہوا کے ڈائی الیکٹرک مستقل کی قدر کیا ہے؟,1 سے کم|0۔|1۔|ان میں سے کوئی نہیں۔,electrical_engineering,2
درجہ حرارت کا تغیر a/an ہے۔,ڈیجیٹل مقدار|ینالاگ مقدار|یا تو ڈیجیٹل یا اینالاگ مقدار|کوئی نہیں۔,electrical_engineering,1
6 لکس میں ایک لیمپ کے نیچے 5 میٹر کے نقطہ پر روشنی۔ چراغ کی موم بتی طاقت ہے۔,30|140.|150.|200۔,electrical_engineering,2
ڈی سی مشین کے لیے شنٹ ریزسٹنس اور آرمچر ریزسٹنس ویلیوز ہیں۔,اعلی اور اعلی|اونچا اور نیچا|کم اور کم|کم اور اعلی,electrical_engineering,1
مقناطیسی میدان میں کنڈکٹر کے کراس سیکشنل ایریا کی تبدیلی متاثر کرے گی۔,کنڈکٹر کی ہچکچاہٹ|موصل کی مزاحمت|(A) اور (B) دونوں ایک ہی طریقے سے۔|اوپر میں سے کوئی نہیں.,electrical_engineering,2
درج ذیل میں سے کون سا ایس سی آر میں ہائی ڈی وی / ڈی ٹی سے بچانے کے لیے استعمال ہوتا ہے؟,سنبر سرکٹ۔|فیوز|مساوی سرکٹ۔|سرکٹ بریکر۔,electrical_engineering,0
ایک پروگرام میں کمانڈز کے سیٹ کیا ہیں جو اسمبلی کے عمل کے دوران مشین کی ہدایات میں ترجمہ نہیں کیے جاتے ہیں، کہا جاتا ہے؟,یادداشت|ہدایات|شناخت کنندگان|آپرینڈز,electrical_engineering,1
ٹیلی کام کے 4-G نیٹ ورک میں ڈیٹا کی ترسیل کی رفتار ہے۔,386 kbps - 2 ایم بی پی ایس۔|2 ایم بی پی ایس|2 ایم بی پی ایس – 1 جی بی پی ایس۔|100 ایم بی پی ایس - 1 جی بی پی ایس۔,electrical_engineering,3
مندرجہ ذیل میں سے کون سا فعال عنصر ہے؟,وولٹیج کا ذریعہ|موجودہ ماخذ|دونوں|ان میں سے کوئی نہیں۔,electrical_engineering,2
قوت وولٹیج کی مشابہت میں بہار عنصر (K) کے لیے برقی مشابہ مقدار ہے,ایل|آر|1/C|سی,electrical_engineering,2
ایک کوارٹج کرسٹل آسکیلیٹر پر مشتمل ہوتا ہے۔,صرف سیریز گونجنے والی فریکوئنسی۔|صرف متوازی گونج کی تعدد۔|سیریز اور متوازی تعدد دونوں۔|نہ سیریز اور نہ ہی متوازی تعدد۔,electrical_engineering,2
کم تعدد (LF) ایپلی کیشنز کے لیے مندرجہ ذیل میں سے کون سے آسکیلیٹر استعمال کیے جاتے ہیں۔,LC oscillators|RC oscillators|دونوں LC اور RC آسیلیٹرز|کوئی نہیں۔,electrical_engineering,1
1.2 میٹر قطر کے دائرے کی سطح پر 2400 سینٹی میٹر^2 کے رقبے سے جو ٹھوس زاویہ بنایا گیا ہے وہ ہے,3/2۔|1/3۔|2/3۔|2/5۔,electrical_engineering,2
رشتہ دار غلطی ایک جیسی ہے۔,مطلق غلطی اور حقیقی قدر کا تناسب۔|مطلق غلطی.|حقیقی غلطی.|مندرجہ بالا میں سے کوئی نہیں.,electrical_engineering,0
اگر تھائرسٹر کا ہولڈنگ کرنٹ 2 ایم اے ہے تو لیچنگ کرنٹ ہونا چاہیے۔,0.01 اے|0.002 اے|0.009 اے۔|0.004 اے,electrical_engineering,3
انٹیل 8085A میں، انسٹرکشن کا پہلا مشین سائیکل کون سا ہے؟,ایک آپشن کوڈ بازیافت سائیکل|میموری پڑھنے کا چکر|میموری لکھنے کا چکر|ایک I/O پڑھنے کا چکر,electrical_engineering,0
بند لوپ کنٹرول سسٹم کے مندرجہ ذیل میں سے کون سے نقصانات ہیں؟,مجموعی فائدہ کو کم کرتا ہے۔|پیچیدہ اور مہنگا۔|دوغلی ردعمل۔|اوپر کا سارا۔,electrical_engineering,3
پولز اور زیرو کو متبادل طور پر منفی اصلی محور پر ترتیب دیا جاتا ہے، پھر نیٹ ورک کی قسم ہے/ہیں۔,ایل سی نیٹ ورک۔|آر سی نیٹ ورک۔|آر ایل نیٹ ورک۔|2 اور 3 دونوں۔,electrical_engineering,3
فیرو میگنیٹک مواد میں میگنیٹائزیشن اور لاگو فیلڈ کا تعلق ہے۔,سینوسائڈ طور پر.|غیر لکیری طور پر.|لکیری طور پر|پیرابولی طور پر,electrical_engineering,1
کم کرنے کے لیے مشین میں باریک لیمینیشن کا استعمال کیا جاتا ہے۔,ایڈی موجودہ نقصانات|Hysteresis کے نقصانات|اے اور بی دونوں|تانبے کے نقصانات,electrical_engineering,0
1 میٹر کے رداس اور 20 کولمبس / ایم 2 کی سطح کے چارج کثافت والی دھات کی سطح 10 میٹر سائیڈ کیوب میں بند ہے۔ مکعب کی سطح پر کل بیرونی برقی نقل مکانی نارمل ہے۔,40π کولمبس۔|80π کولمبس۔|10π کولمبس۔|ان میں سے کوئی نہیں۔,electrical_engineering,1
بائنری نمبر سسٹم میں پہلے ہندسے (بٹ) کو دائیں سے بائیں کہا جاتا ہے۔,LSB، کم سے کم اہم بٹ|MSB، سب سے اہم بٹ|پہلا بٹ|آخری بٹ,electrical_engineering,0
بجلی کی پیمائش کے دو واٹ میٹر کے طریقے میں اگر کل پاور کو صرف ایک واٹ میٹر سے ناپا جائے تو سسٹم کا پاور فیکٹر,0۔|0.5|1۔|اوپر میں سے کوئی نہیں.,electrical_engineering,1
ایک 0 - 100 V وولٹ میٹر مکمل پیمانے پر پڑھنے کے 2% کی ضمانت شدہ درستگی رکھتا ہے۔ وولٹ میٹر کے ذریعے ماپا جانے والا وولٹیج 75 V ہے۔ محدود غلطی فیصد میں ہے,3.33%|2.66 %|2%|1%,electrical_engineering,1
رد عمل یا وولٹیج کے معاوضے کے لیے درج ذیل میں سے کون سا طریقہ استعمال کیا جاتا ہے۔,شنٹ کیپسیٹر|سیریز capacitor|نسل کی حوصلہ افزائی کنٹرول|اوپر کا سارا,electrical_engineering,3
مینوفیکچرنگ کے عمل کے دوران پروگرام شدہ ROM خود کہلاتا ہے۔,MROM|پروم|EPROM|EEPROM,electrical_engineering,0
8085 میں 16 بٹ رجسٹروں کے نام/نام ہیں/ہیں۔,اسٹیک پوائنٹر.|پروگرام کاؤنٹر.|A اور B دونوں|ان میں سے کوئی نہیں۔,electrical_engineering,2
کی طرف سے ایک ٹرانسمیشن لائن کے استحکام میں اضافہ کیا جا سکتا ہے,شنٹ کیپسیٹر|سیریز capacitor|شنٹ ری ایکٹر|A اور B دونوں,electrical_engineering,3
Snubber سرکٹ SCR کے ساتھ استعمال کیا جاتا ہے,سیریز میں.|متوازی میں۔|یا تو سلسلہ یا متوازی۔|مخالف متوازی.,electrical_engineering,1
کسی بھی عنصر کے بوہر ماڈل میں حلقوں کی تعداد کا تعین کس چیز سے ہوتا ہے؟,متواتر جدول پر کالم نمبر۔|ایٹمی ماس|متواتر جدول پر قطار نمبر۔|اٹامک نمبر۔,electrical_engineering,2
سلکان اور جرمینیم ________ عناصر ہیں۔,غیر معمولی|پینٹا ویلنٹ|hexavalent|tetravalant,electrical_engineering,3
8085 مائکرو پروسیسرز میں آؤٹ پٹ پنوں کی تعداد ہے۔,27۔|40.|21۔|19.,electrical_engineering,0
اگر P ستارے سے منسلک نظام کی طاقت ہے تو ایک مساوی ڈیلٹا سے منسلک نظام کی طاقت کیا ہوگی؟,پی|3P|ص/3|مندرجہ بالا میں سے کوئی بھی نہیں۔,electrical_engineering,0
یک سنگی IC میں کون سے oscillators کو بنانا آسان ہے؟,کرسٹل آسکیلیٹر۔|ہارٹلی آسکیلیٹر۔|وین برج آسکیلیٹر۔|آرام دہ اور پرسکون oscillator.,electrical_engineering,3
اگر کسی خاص نیٹ ورک کے تمام عناصر لکیری ہیں، تو سپرپوزیشن تھیوریم برقرار رہے گا، جب جوش,صرف ڈی سی|صرف اے سی|یا تو AC یا DC|ایک تسلسل,electrical_engineering,2
Op-Amp کا استعمال کرتے ہوئے Wien bridge oscillator کا فیڈ بیک فیکٹر ہے۔,1/3|1/4|1/2|1,electrical_engineering,2
8086/8088 میں بس سائیکل کی لمبائی چار گھڑی سائیکل ہے، T1، T2، T3، T4 اور انتظار ریاستی گھڑیوں کی ایک غیر متعین تعداد جس کو Tw سے ظاہر کیا گیا ہے۔ انتظار کی حالتیں ہمیشہ درمیان میں ڈالی جاتی ہیں۔,T1 اور T2|T2 اور T3|T3 اور T4|T4 اور T1,electrical_engineering,2
مندرجہ ذیل میں سے کون سا سائنوسائیڈل آسکیلیٹر نہیں ہے؟,LC آسکیلیٹر|آر سی فیز شفٹ آسکیلیٹر|آرام دہ اور پرسکون oscillator|کرسٹل آسکیلیٹر,electrical_engineering,2
کرنٹ لے جانے والی تار ایک سرکلر لوپ کی شکل میں جھکی ہوئی ہے۔ پھر تار کے ہر حصے کے گرد مقناطیسی میدان ہوگا۔,تار کے ہوائی جہاز کے متوازی۔|تار کے طواف پر کھڑا ہے۔|نصف حصے کے متوازی اور دوسرے آدھے حصے کے لیے کھڑا۔|اوپر میں سے کوئی نہیں.,electrical_engineering,0
24 = 2p میں p کی قدر کیا ہے؟,p = 4|p = 8|p = 12|p = 24,elementary_mathematics,2
محترمہ پیریز نے 5 دنوں میں کل 40 میل کا فاصلہ طے کیا۔ وہ ہر روز ایک ہی تعداد میں میل چلاتی تھی۔ محترمہ پیریز روزانہ کتنے میل ڈرائیو کرتی تھیں؟,5|7|8|9,elementary_mathematics,2
−40 ÷ (−8) کا حصہ تلاش کریں۔,1 سے زیادہ 5|−5|−1 سے زیادہ 5|5,elementary_mathematics,3
ایک فٹ بال ٹیم کے پاس فٹ بال کی گیندیں خریدنے کے لیے $90.00 ہیں۔ اگر ایک فٹ بال کی قیمت $15.60 ہے، تو ٹیم کتنی بڑی تعداد میں فٹ بال خرید سکتی ہے؟,4|5|6|7,elementary_mathematics,1
آپ اور تین دوست ایک کنسرٹ میں جاتے ہیں۔ چار ٹکٹوں کی کل قیمت $112 ہے۔ ایک ٹکٹ کی قیمت معلوم کرنے کے لیے ایک مساوات لکھیں اور حل کریں۔,4t = 112; $448|4t = 112; $28|t سے زیادہ 4 = 112; $448|t سے زیادہ 4 = 112; $28,elementary_mathematics,1
سوال کا جواب دینے کے لیے نیچے دیے گئے اظہار کا استعمال کریں۔ 3 × [(2 × 6 – 5) + (8 ÷ 4)] – 1 اظہار کی قدر کیا ہے؟,9|11|26|32,elementary_mathematics,2
1 اور 1 کو 11 پر مکمل یا مخلوط نمبر آسان ترین شکل میں لکھیں۔,1.1 سے زیادہ 11|11 سے زیادہ 11|12 سے زیادہ 11|11 سے زیادہ 12,elementary_mathematics,2
2.16 ÷ 0.06 کا حصہ تلاش کریں۔,3.6|36|0.01272|12.72,elementary_mathematics,1
142.76 - 16.5 کا فرق تلاش کریں۔,"159.26|2.224|14,111|126.26",elementary_mathematics,3
5.04/0.7 کا حصہ تلاش کریں۔,0.72|0.702|10.0571|7.2,elementary_mathematics,3
جمی اور کیما ایک سفر پر جا رہے ہیں۔ وہ تین دن تک گاڑی چلائیں گے۔ پہلے دن وہ 182 میل ڈرائیو کریں گے۔ دوسرے دن وہ 439 میل ڈرائیو کریں گے۔ تیسرے دن وہ 217 میل ڈرائیو کریں گے۔ کون سا اظہار قریب ترین تخمینہ ہے کہ جمی اور کیما اپنے سفر پر کتنے میل چلیں گے؟,150 + 400 + 200|200 + 400 + 200|200 + 450 + 200|200 + 500 + 200,elementary_mathematics,2
21 کے بقیہ کو 7 سے تقسیم کیا ہے؟,21|7|1|ان میں سے کوئی نہیں,elementary_mathematics,3
میڈی 7 دنوں میں کل 56 میل کا سفر طے کرے گی۔ وہ ہر روز اتنے ہی میلوں کی سواری کرے گی۔ میڈی ہر روز کتنے میلوں کا سفر کرے گی؟,8|9|49|63,elementary_mathematics,0
وہ نمبر تلاش کریں جو بیان کو 88 سے زیادہ 48 بناتا ہے =؟ 11 سے زیادہ سچ۔,6|11|8|5,elementary_mathematics,0
بہترین خرید کون سی ہے؟,صابن کی 10 سلاخیں $23.20 میں|صابن کی 16 سلاخیں $36.48 میں|صابن کی 13 سلاخیں $29.51 میں|صابن کی 12 سلاخیں $27.60 میں,elementary_mathematics,2
ٹریش کے آرام کرنے والے دل کی شرح 50 دھڑکن فی منٹ ہے۔ ہر منٹ کے لیے وہ ورزش کرتی ہے، اس کے دل کی دھڑکن 5 دھڑکن فی منٹ بڑھ جاتی ہے۔ اسے 120 دھڑکن فی منٹ دل کی دھڑکن تک پہنچنے میں کتنا وقت لگے گا؟,5 منٹ|14 منٹ|34 منٹ|70 منٹ,elementary_mathematics,1
ڈیٹا 23، 13، 18، 29، 32، 25 کے سیٹ میں میڈین تلاش کریں۔,18|24|25|29,elementary_mathematics,1
جیک ایک سیب کے درخت سے 60 سیب چنتا ہے۔ وہ ان میں سے 12 کو سیب کی چٹنی بنانے کے لیے استعمال کرتا ہے۔ وہ باقی سیبوں کو 6 تحفے کی ٹوکریوں میں یکساں طور پر رکھتا ہے۔ سیب کی تعداد کا تعین کرنے کے لیے کون سی مساوات استعمال کی جا سکتی ہے، a، جسے جیک ہر تحفہ کی ٹوکری میں رکھتا ہے؟,(60/6)—12=a|(60-12)/6=a|(60-6)-12=a|(60+12)/6=a,elementary_mathematics,1
ایک مخصوص نقشہ 25 میل کے برابر 1 انچ کا پیمانہ استعمال کرتا ہے۔ اس نقشے پر 5 انچ سے کتنے میل کی نمائندگی کی گئی ہے؟,5|25|50|125,elementary_mathematics,3
آسان بنائیں (2 + 5)^2 − 42۔,7|16|30|33,elementary_mathematics,0
4 ÷ 2 • 2 + 8 − 4 کی قدر تلاش کریں۔,−12|12|8|16,elementary_mathematics,2
ایک کوچ نے ٹریک میٹ میں دوڑنے والوں کی تعداد کو قریب ترین 10 تک پہنچا دیا۔ رنرز کی گول تعداد 400 ہے۔ ٹریک میٹ میں دوڑنے والوں کی اصل تعداد کون سی ہو سکتی ہے؟,382|397|406|447,elementary_mathematics,1
−4 + ( −3 ) =,−7|-1|1|7,elementary_mathematics,0
مارک کے پاس ڈاک کا مجموعہ ہے۔ اس کے پاس جاپان سے 22، کینیڈا سے 34 اور میکسیکو سے 17 ڈاک ٹکٹ ہیں۔ اس کے پاس کل کتنے ڈاک ٹکٹ ہیں؟,53|63|73|83,elementary_mathematics,2
دیے گئے نمبروں سے مساوات x + 2.7 = 8.4 کے حل کی شناخت کریں۔,11.1|5.7|3.7|22.68,elementary_mathematics,1
وہ نمبر تلاش کریں جو بیان کو درست بناتا ہے: 0.32 g = _ cg۔,"32|3.2|3,200|320",elementary_mathematics,0
تقسیمی جائیداد کا استعمال کرتے ہوئے ذہنی طور پر 5.7(8) کا پروڈکٹ تلاش کریں۔,46.4|456|4.56|45.6,elementary_mathematics,3
"اظہار 2,314 / 4 کا حصہ کیا ہے؟",508|508 آر 2|578|578 آر 2,elementary_mathematics,3
روزا کا اس ماہ مجموعی طور پر 100 میل دوڑنے کا ہدف ہے۔ ہر دن جب وہ بھاگتی تھی، وہ 5 میل دوڑتی تھی۔ روزا اس بات کا تعین کرنے کے لیے کون سا جملہ استعمال کر سکتی ہے کہ ڈی دنوں تک دوڑنے کے بعد اس نے کتنے میل دوڑنا چھوڑ دیا ہے؟,100 - 5 ڈی|5d+100|100 / 5 ڈی|5 ڈی,elementary_mathematics,0
الجبری اظہار کی شناخت کریں جو لفظ کے فقرے سے میل کھاتا ہے: 4 گنا جتنے کین ٹام نے جمع کیے ہیں۔,4t|t 4 سے زیادہ|t − 4|t + 4,elementary_mathematics,0
"اینڈریو نے بورڈ پر 186,425 نمبر لکھا۔ کس نمبر میں ہندسے 6 کی قدر اینڈریو کے لکھے ہوئے ہندسے 6 کی قدر سے 10 گنا ہے؟","681,452|462,017|246,412|125,655",elementary_mathematics,1
123/8 کیا ہے؟,15 باقی 7|15 باقی 3|16 باقی 5|16 باقی 1,elementary_mathematics,1
8 اور 2 کو 4 سے زیادہ آسان شکل میں ایک غلط کسر کے طور پر لکھیں۔,17 سے زیادہ 2|34 سے زیادہ 4|17 سے زیادہ 4|19 اوور 2,elementary_mathematics,0
"270,240 کو پھیلا ہوا شکل میں ظاہر کرنے کے لیے کیا اظہار استعمال کیا جا سکتا ہے؟","200,000 + 7,000 + 200 + 4|200,000 + 7,000 + 200 + 40|200,000 + 70,000 + 200 + 40|200,000 + 70,000 + 2,000 + 40",elementary_mathematics,2
اسمبلی لائن پر ایک کارکن کو 22 حصے بنانے میں 7 گھنٹے لگتے ہیں۔ اس شرح سے وہ 35 گھنٹوں میں کتنے حصے بنا سکتی ہے؟,220 حصے|770 حصے|4 حصے|110 حصے,elementary_mathematics,3
ایبے نے اعداد کی اس فہرست کا اوسط اور میڈین پایا۔ 1، 3، 3 اگر فہرست میں نمبر 6 کا اضافہ کیا جائے تو,اوسط بڑھ جائے گا.|اوسط کم ہو جائے گا.|میڈین بڑھ جائے گا.|میڈین کم ہو جائے گا.,elementary_mathematics,0
جب n = 11، 10 – (n + 6) کی قدر کیا ہے؟,-7|5|7|27,elementary_mathematics,0
کون سا اظہار ذیل کے جملے کی نمائندگی کرتا ہے؟ 3 عدد سے کم، صفحہ,3-ص|p+3|3/ص|p-3,elementary_mathematics,3
ایک تھیٹر نے ایک فلم کو فروخت ہونے والے ہر ٹکٹ کے لیے $6 جمع کیا۔ تھیٹر میں فلم کے 500 ٹکٹ فروخت ہوئے۔ نیچے دیے گئے اظہار کو یہ معلوم کرنے کے لیے استعمال کیا جا سکتا ہے کہ تھیٹر نے ٹکٹوں کے لیے کتنی رقم جمع کی۔ 6 × 500 کون سا اظہار بھی استعمال کیا جا سکتا ہے کہ تھیٹر نے ٹکٹوں کے لیے کتنی رقم جمع کی؟,30 × 10^1|30 × 10^3|(6 × 5) × 10^2|(6 × 5) × 10^3,elementary_mathematics,2
آئیے 12-9+c=12۔ c کی کون سی قدر مساوات کو درست بناتی ہے؟,0|3|9|12,elementary_mathematics,2
سوجورن فیملی چھٹیوں پر گئی تھی۔ انہوں نے $2000 سے شروع کیا۔ اگر وہ ہر روز $150 خرچ کرتے ہیں، تو کون سا اظہار ظاہر کرتا ہے کہ ایکس دنوں کے بعد ان کے پاس کتنی رقم تھی؟,1850x|2000 −150x|150x|2000 +150x,elementary_mathematics,1
ایک شیلف پر چار کتابیں ہیں۔ شیلف پر موجود چار کتابوں میں سے ہر ایک کا وزن، پاؤنڈ میں، 2.5، 3.2، 2.7، 2.3 ہے، شیلف سے منتخب کی گئی کسی بھی کتاب کے وزن، w، کونسی عدم مساوات ظاہر کرتی ہے؟,w > 2.3|w <2.4|w > 3.2|w <3.3,elementary_mathematics,3
کس نمبر کی مطلق قدر 5 سے زیادہ ہے؟,-6|-5|0|5,elementary_mathematics,0
اظہار 2(3(4^2 + 1)) - 2^3 کی قدر کیا ہے؟,156|110|94|48,elementary_mathematics,2
گیوین نے کاغذ کے ٹکڑے پر نیچے نمبر کا نمونہ لکھا۔ 1، 5، 9، 13 گیوین کے پیٹرن میں اگلی دو اصطلاحات کیا ہیں؟,15، 17|15، 19|17، 19|17، 21,elementary_mathematics,3
اگر ناشپاتی کے 3 کین کی قیمت $2.37 ہے تو آپ ناشپاتی کے کتنے کین $9.48 میں خرید سکتے ہیں؟,3 ڈبے|12 ڈبے|36 کین|13 کین,elementary_mathematics,1
"عظیم سے کم از کم آرڈر کریں: 3، 3 اور 1 سے زیادہ 8,3.8,3.18۔",3.18، 3 اور 1 اوور 8، 3.8،3|3،3 اور 1 اوور 8، 3.18، 3|3.8، 3 اور 1 اوور 8، 3.18، 3|3.8، 3.18، 3 اور 1 اوور 8، 3,elementary_mathematics,3
22/2 + 9 کی گنتی کریں۔,10|11|20|2,elementary_mathematics,2
"ایک مخصوص شہر کی آبادی 836,527 ہے۔ اس شہر کی آبادی قریب ترین دس ہزار تک کتنی ہے؟","800,000|830,000|836,000|840,000",elementary_mathematics,3
5 • (−9) کی پیداوار تلاش کریں۔,14|−4|45|−45,elementary_mathematics,3
کیکو نے دن بھر پرندوں کو دیکھتے ہوئے گزارا اور دوپہر کے مقابلے میں صبح کے وقت 34 زیادہ پرندے گنے۔ اگر اس نے کل 76 پرندے گنے تو دوپہر میں اس نے کتنے پرندے گنے؟,21 پرندے|40 پرندے|42 پرندے|84 پرندے,elementary_mathematics,0
5 + 2 • 15 + (12 • 4) کی قدر کیا ہے؟,78|83|131|153,elementary_mathematics,1
کس صورت حال کو کسر 20/8 سے ظاہر کیا جا سکتا ہے؟,لیسلی نے ایک اسٹور پر 20 ڈالر اور 8 سینٹ خرچ کیے۔ لیسلی نے جو رقم خرچ کی ہے اسے کسر کے طور پر کیسے لکھا جاتا ہے؟|مسٹر کریمر کے 8 پوتے پوتیوں نے 20 کریکر یکساں طور پر بانٹے۔ ہر پوتے کو کتنے کریکرز ملے؟|مچ نے پودوں کی دکان سے پھولوں کے 20 کنٹینرز خریدے۔ ہر برتن میں 8 پھول تھے۔ مچ نے کتنے پھول خریدے؟|ڈاک ٹکٹ 20 ڈاک ٹکٹوں کے بکلیٹس میں فروخت ہوتے ہیں۔ ڈونا نے پارٹی کے لیے دعوت نامے بھیجنے کے لیے 8 ڈاک ٹکٹوں کا استعمال کیا۔ ڈونا نے اپنے دعوت نامے بھیجنے کے لیے ڈاک ٹکٹوں کے کتنے کتابچے استعمال کیے؟,elementary_mathematics,1
اگر ایک مال بردار ٹرین 20 میل فی گھنٹہ کی رفتار سے 6 گھنٹے تک سفر کرتی ہے تو وہ کتنی دور تک سفر کرے گی؟,120 میل|80 میل|26 میل|12 میل,elementary_mathematics,0
کون سا مرحلہ بتاتا ہے کہ 6a = 72 میں a کی قدر کیسے تلاش کی جائے؟,دونوں اطراف میں 6 شامل کریں|دونوں اطراف کو 6 سے تقسیم کریں۔|دونوں اطراف کو 6 سے ضرب دیں۔|دونوں اطراف سے 6 کو کم کریں۔,elementary_mathematics,1
کوچ وو کے پاس کل 30 فٹ بال ہیں۔ 9 فٹ بال کی گیندیں سفید ہیں۔ باقی فٹ بال گیندیں تین مختلف رنگوں (نیلے، گلابی، یا سبز) میں سے ایک ہیں۔ نیلی، گلابی اور سبز گیندوں کی ایک برابر تعداد ہے کوچ وو کے پاس کتنی سبز فٹ بال گیندیں ہیں؟,7|10|21|39,elementary_mathematics,0
شام 6 بجے کے درمیان درجہ حرارت 11 ° F گر گیا۔ اور رات 10 بجے رات 10 بجے یہ 84°F تھا۔ شام 6 بجے درجہ حرارت معلوم کرنے کے لیے ایک مساوات لکھیں اور حل کریں۔,84 − 11 = t; 73°F|t − 84 = 11; 95°F|84 − t = 11; 73°F|t − 11 = 84; 95°F,elementary_mathematics,3
تھریسا کے پاس 72 ماربلز کا تھیلا تھا۔ اس نے ماربلز کو 9 برابر گروپوں میں ڈالا۔ کس نمبر کا جملہ ظاہر کرتا ہے کہ تھریسا نے ہر گروپ میں ماربلز کی تعداد کو کیسے تلاش کیا؟,72 ÷ 9 = 8|72 – 9 = 63|9 + 72 = 81|9 ÷ 72 = 0.125,elementary_mathematics,0
روب اپنی بلیوں کو کھانا کھلانے کے لیے ہر 5 دن میں بلی کے کھانے کا 1 ڈبہ استعمال کرتا ہے۔ بلیوں کے کھانے کے تقریباً کتنے ڈبوں کو وہ ماہانہ استعمال کرتا ہے؟,2 بکس|4 بکس|5 بکس|6 بکس,elementary_mathematics,3
4 اور 10 کا کم سے کم عام ضرب کیا ہے؟,14|20|40|60,elementary_mathematics,1
4 سے زیادہ 7 + 2 سے زیادہ 7 تلاش کریں۔,6 سے زیادہ 14|8 سے زیادہ 49|14 سے زیادہ 28|6 سے زیادہ 7,elementary_mathematics,3
ایک دہائی میں کتنے سال ہوتے ہیں؟,5|10|15|20,elementary_mathematics,1
جنوری کے مہینے میں 31 دن ہوتے ہیں۔ مشیل نے مہینے کے ہر دن 45 پش اپس کئے۔ اس نے جنوری میں کیے گئے پش اپس کی تعداد معلوم کرنے کے لیے نیچے دیے گئے تاثرات کا استعمال کیا۔ 31×45 مشیل نے جنوری کے مہینے میں کتنے پش اپس کیے؟,"125 پش اپس|279 پش اپس|1,395 پش اپس|1,406 پش اپس",elementary_mathematics,2
دو مکمل نمبروں میں 60 کا کم از کم مشترک ضرب ہوتا ہے۔ ہر نمبر 12 سے کم یا اس کے برابر ہے۔ دو نمبروں کا سب سے بڑا مشترک عنصر 2۔ دو نمبر کیا ہیں؟,6 اور 10|5 اور 12|10 اور 12|12 اور 15,elementary_mathematics,2
x = 2 کے لیے −2(x −3) کا اندازہ لگائیں۔,−4|−2|10|2,elementary_mathematics,3
ایک قسم کی آئس کریم کے 4 اونس میں 230 کیلوریز ہوتی ہیں۔ اس آئس کریم کے 6 اونس میں کتنی کیلوریز ہیں؟,232|236|345|460,elementary_mathematics,2
تخمینہ 711 + 497۔ رقم کن اعداد کے درمیان ہے؟,"50 اور 400|450 اور 700|750 اور 1,000|1,050 اور 1,300",elementary_mathematics,3
مسٹر کوہلبرگ پھولوں کی دکان کے مالک ہیں۔ دن کے آغاز میں اس کے پاس 152 گلاب تھے۔ مسٹر کوہلبرگ نے 96 گلاب فروخت کیے اور پھر باقی گلابوں کو 8 گلدانوں میں برابر الگ کرنا چاہتے تھے۔ ہر گلدان میں گلاب کی کل تعداد کتنی ہوگی؟,7|12|48|56,elementary_mathematics,0
تخمینہ 32 x 68۔ مصنوعہ کن اعداد کے درمیان ہے؟,"18 اور 28|180 اور 280|1,800 اور 2,800|18,000 اور 28,000",elementary_mathematics,2
77 کا پرائم فیکٹرائزیشن لکھیں۔ جہاں ممکن ہو ایکسپوننٹ استعمال کریں۔,7 • 11^2 • 13|7^2 • 11|7 • 11 • 13|7 • 11,elementary_mathematics,3
اولڈ ٹاؤن نیوز اسٹینڈ پر رسالوں کی قیمت ہر ایک $2.99 ​​اور کتابوں کی قیمت $6.99 ہے۔ 4 رسالوں اور 3 کتابوں کی کل قیمت کتنی ہے؟,$20.93|$28.93|$32.93|$48.93,elementary_mathematics,2
Umi نے نمبر کا پیٹرن بنایا جس کے بعد اگلا نمبر حاصل کرنے کے لیے ہر بار ایک ہی رقم شامل کی جاتی ہے۔ 20، 40، 60، 80، ... پیٹرن میں آٹھواں نمبر کیا ہوگا؟,160|240|320|640,elementary_mathematics,0
اعشاریہ کے طور پر 7 سے زیادہ 33 لکھیں۔,0.021 دہرانا|0.21 دہرانا|0.22 دہرانا|0.2121,elementary_mathematics,1
ویسٹ ویو اسکول باسکٹ بال کے نئے یونیفارم خرید رہا ہے۔ ہر یونیفارم کی قیمت $46 ہے۔ سکول 12 یونیفارم خریدے گا۔ کون سی مساوات یونیفارم کی کل قیمت معلوم کرنے کا طریقہ دکھاتی ہے؟,(40 × 10) + (6 × 2) = 400 + 12|(40 × 6) + (10 × 2) = 240 + 20|(40 × 12) + (6 × 12) = 480 + 72|(40 × 12) + (60 × 12) = 480 + 720,elementary_mathematics,2
مینوئل نے ایک استعمال شدہ کار چھ ہزار انتالیس ڈالر میں خریدی۔ مینوئل خریدی گئی استعمال شدہ کار کی قیمت کیا ہے جو بطور عدد لکھی گئی ہے؟,"$649|$6,049|$6,409|$6,490",elementary_mathematics,1
کل، میکاہ نے برابر تعداد میں اسٹرابیری کھائی۔ اس نے طاق تعداد میں سیب بھی کھائے تھے۔ کون سا گروپ اسٹرابیری، ایس، اور سیب کی نمائندگی کرسکتا ہے، اے، میکاہ نے کل کھایا؟,ایس ایس ایس ایس ایس؛ اے اے اے|ایس ایس ایس ایس ایس؛ اے اے اے اے|SSSSSSSS; اے اے اے اے|SSSSSSSS; اے,elementary_mathematics,3
بلی کے کھانے کی قیمت $.47/lb ہے۔ 6-lb بیگ کی قیمت کتنی ہے؟,$2.82|$2.97|$6.47|$12.77,elementary_mathematics,0
آسان ترین شکل میں 60 سے زیادہ 72 لکھیں۔,4 سے زیادہ 6|10 سے زیادہ 12|15 سے زیادہ 17|5 سے زیادہ 6,elementary_mathematics,3
2 کپ سے 3 qt کا تناسب آسان ترین شکل میں ایک کسر کے طور پر لکھیں۔,3 سے زیادہ 2|2 سے زیادہ 3|2 سے زیادہ 12|1 سے زیادہ 6,elementary_mathematics,3
"ملز لائبریری میں 1,007,199 کتابیں ہیں۔ اسپرنگ ویل لائبریری میں 907,082 کتابیں ہیں۔ ملز لائبریری کے پاس سپرنگ ویل لائبریری سے زیادہ کتنی کتابیں ہیں اس کا بہترین اندازہ مندرجہ ذیل میں سے کون ہے؟","100,000 کتابیں۔|80,000 کتابیں۔|10,000 کتابیں۔|8000 کتابیں۔",elementary_mathematics,0
پیٹ 30 سیکنڈ میں باسکٹ بال کو 25 بار اچھالتا ہے۔ اس شرح پر، پیٹ 150 سیکنڈ میں تقریباً کتنی بار گیند کو اچھالے گا؟,120|125|144|145,elementary_mathematics,1
−9 + (−8) کا مجموعہ تلاش کرنے کے لیے ایک عدد لائن کا استعمال کریں۔,-17|1|-1|17,elementary_mathematics,0
مساوات y/4 = 8 میں y کی قدر کیا ہے؟,2|4|12|32,elementary_mathematics,3
4 اور 4 کو 5 پر ایک غلط کسر کے طور پر لکھیں۔,28 سے زیادہ 5|4 سے زیادہ 5|24 سے زیادہ 5|20 سے زیادہ 5,elementary_mathematics,2
چاند پر کسی چیز کا وزن، m، زمین پر موجود شے کے وزن کا تقریباً q ہے، e۔ کون سی مساوات چاند پر موجود کسی چیز کے وزن کے لحاظ سے زمین پر موجود شے کے وزن کی نمائندگی کرتی ہے؟,m = 1/6 + e|m = e/6|m = 6+e|m = 6e,elementary_mathematics,1
8 + 8 ÷ 2 + 2 =,4|8|10|14,elementary_mathematics,3
y کی کیا قدر y + 2.9 = 11 کو درست بناتی ہے؟,8.1|8.9|9.1|13.9,elementary_mathematics,0
40° زاویہ کا ضمیمہ کیا ہے؟,50°|130°|140°|220°,elementary_mathematics,2
کیری نے چار مختلف ریسوں میں ایک ہی فاصلہ طے کیا۔ اس کے اوقات 18.04 سیکنڈ، 21.39 سیکنڈ، 12.99 سیکنڈ اور 14.14 سیکنڈ تھے۔ اگر انفرادی اوقات کو ایک سیکنڈ کے قریب ترین دسویں حصے پر گول کیا جائے تو چاروں ریسوں کے لیے کیری کے کل وقت کا تخمینہ کیا ہے؟,66.6 سیکنڈ|66.5 سیکنڈ|66 سیکنڈ|65.5 سیکنڈ,elementary_mathematics,1
4 * x = 24 پر 3 حل کریں۔,18|32|72|96,elementary_mathematics,1
درست جواب تلاش کریں: 110 + 70,18|81|180|810,elementary_mathematics,2
چڑیا گھر میں 15 ٹوکن اور 60 طوطے ہوتے ہیں۔ چڑیا گھر میں طوطوں کی تعداد اور طوطوں کی تعداد کا تناسب کیا ہے؟,1:04|1:05|4:01|4:05,elementary_mathematics,0
36 اور 90 کا سب سے بڑا عام فیکٹر کیا ہے؟,6|18|36|180,elementary_mathematics,1
6 • 24 ÷ (8 −5) کی قدر تلاش کریں۔,48|13|-13|54,elementary_mathematics,0
42 اور 84 کا سب سے بڑا عام فیکٹر کیا ہے؟,7|21|42|84,elementary_mathematics,2
محترمہ گٹیریز کو 32 طلباء کی اپنی جم کلاس کے لیے رسی منگوانے کی ضرورت ہے۔ ہر طالب علم کو رسی کا ایک ٹکڑا ملے گا جو 5 فٹ 8 انچ لمبا ہے۔ مسز گٹیریز کو اپنی کلاس کے لیے رسی کی کل لمبائی کتنی ہے؟,106 فٹ 8 انچ|154 فٹ 8 انچ|160 فٹ 8 انچ|181 فٹ 4 انچ,elementary_mathematics,3
دسمبر میں، ایک کھلونوں کی دکان نے 934 پہیلیاں فروخت کیں۔ ہر پہیلی کی قیمت $6 ہے، بشمول ٹیکس۔ ٹیکس سمیت فروخت شدہ پہیلیاں کی کل قیمت کتنی تھی؟,"$5,434|$5,484|$5,604|$5,684",elementary_mathematics,2
ایک زاویہ جو دائرے کے 1/360 کے برابر ہے، ڈگری میں، پیمائش کیا ہے؟,1|90|180|360,elementary_mathematics,0
وہ نمبر تلاش کریں جو بیان کو درست بناتا ہے: 26.1 ملی میٹر = _ ڈی ایم۔,"0.261|261|2.61|2,610",elementary_mathematics,0
سلاد ڈریسنگ 2 حصوں کے سرکہ کو 5 حصوں کے تیل کے ساتھ ملا کر بنائی جاتی ہے۔ کتنے اونس تیل کو 9 اونس سرکہ کے ساتھ ملایا جائے؟,2|3.6|22.5|63,elementary_mathematics,2
کم نے اپنی سائیکل پر 9 ہفتوں میں 135 میل کا سفر طے کیا، ہر ہفتے اتنا ہی فاصلہ طے کیا۔ ایرک نے اپنی سائیکل پر 6 ہفتوں میں 102 میل کا فاصلہ طے کیا، ہر ہفتے اتنا ہی فاصلہ طے کیا۔ کون سا بیان درست طریقے سے فی ہفتہ میلوں کی تعداد کا موازنہ کرتا ہے جو وہ سوار ہوئے؟,ایرک کم سواری کے مقابلے میں 2 میل فی ہفتہ زیادہ سفر کرتا تھا۔|کم نے ایرک کی سواری سے 3 میل فی ہفتہ زیادہ سفر کیا۔|کم نے ایرک کی سواری سے 11 میل فی ہفتہ زیادہ سفر کیا۔|ایرک کم سواری کے مقابلے میں فی ہفتہ 17 میل زیادہ سفر کرتا تھا۔,elementary_mathematics,0
دیے گئے نمبروں سے مساوات 5x − 5 = −10 کے حل کی شناخت کریں۔,-1|−6|−4|−3,elementary_mathematics,0
ایک پارک کا ماڈل 1.5 سینٹی میٹر سے 50 میٹر کے پیمانے پر بنایا گیا تھا۔ اگر پارک میں دو درختوں کے درمیان فاصلہ 150 میٹر ہے تو ماڈل پر یہ فاصلہ کیا ہے؟,0.5 سینٹی میٹر|4.5 سینٹی میٹر|75 سینٹی میٹر|225 سینٹی میٹر,elementary_mathematics,1
الزبتھ کے پاس کچھ اسٹیکرز ہیں۔ وہ اپنے اسٹیکرز کو اپنے اور دو دوستوں میں برابر تقسیم کرتی ہے۔ ہر شخص کو 4 اسٹیکرز ملتے ہیں۔ کون سی مساوات اسٹیکرز کی کل تعداد، s، کی نمائندگی کرتی ہے؟,s + 3=4|s - 3=4|s/3 = 4|3s = 4,elementary_mathematics,2
"سٹیفنی نے لاس اینجلس سے نیویارک شہر تک 2,448 میل کا فاصلہ طے کیا۔ سٹیفنی نے قریب ترین ہزار تک کتنے میل کا فاصلہ طے کیا؟","2,000|2,400|2,500|3,000",elementary_mathematics,0
تناسب کا کون سا جوڑا تناسب بنا سکتا ہے؟,2 اوور 5 اور 8 اوور 10|2 اوور 5 اور 10 اوور 15|2 اوور 5 اور 4 اوور 25|2 اوور 5 اور 6 اوور 15,elementary_mathematics,3
ایک کالج میں، 5 میں سے تقریباً 2 سینئرز گریجویٹ اسکول جانے کے لیے جاتے ہیں۔ اگر کالج میں 750 بزرگ ہیں، تو گریجویٹ اسکول میں کتنے لوگوں کی شرکت کی توقع کی جائے گی؟,75 بزرگ|107 بزرگ|300 بزرگ|400 بزرگ,elementary_mathematics,2
نمبر پیٹرن 5، 9، 13، 17، 21، 25، 29 پر غور کریں۔ پیٹرن بنانے کے لیے کون سا اصول استعمال کیا جا سکتا تھا؟,0 سے شروع کریں۔ اگلا نمبر حاصل کرنے کے لیے ہر بار 4 شامل کریں۔|0 سے شروع کریں۔ اگلا نمبر حاصل کرنے کے لیے ہر بار 5 کا اضافہ کریں۔|5 سے شروع کریں۔ اگلا نمبر حاصل کرنے کے لیے ہر بار 4 شامل کریں۔|5 سے شروع کریں۔ اگلا نمبر حاصل کرنے کے لیے ہر بار 5 کا اضافہ کریں۔,elementary_mathematics,2
میکس اور جوناتھن اسٹرابیری چن رہے تھے۔ میکس نے 187 اسٹرابیری چنیں۔ جوناتھن نے 223 اسٹرابیریاں چنیں۔ انہوں نے مل کر 26 اسٹرابیریاں کھائیں۔ کون سا ایکسپریشن میکس اور جوناتھن نے چھوڑی ہوئی اسٹرابیریوں کی کل تعداد کو تلاش کرنے کا طریقہ دکھاتا ہے؟,190 + 220 - 30 + 4|185 + 225 - 25 + 1|200 + 200 – 30 – 4|200 + 200 – 25 – 1,elementary_mathematics,0
ویسٹ ایلیمنٹری اسکول میں لڑکوں کے مقابلے 20 لڑکیاں زیادہ ہیں۔ اگر 180 لڑکیاں ہوں تو لڑکوں کی تعداد کیسے معلوم کریں؟,20 سے 180 کا اضافہ کریں۔|20 کو 180 سے گھٹائیں۔|180 کو 20 سے ضرب دیں۔|180 کو 20 سے تقسیم کریں۔,elementary_mathematics,1
سوڈا کی 200 بوتلیں بھرنے میں ایک مشین کو 12 منٹ لگتے ہیں۔ اس شرح پر، مشین کو سوڈا کی 500 بوتلیں بھرنے میں کتنے منٹ لگیں گے؟,25 منٹ|28 منٹ|30 منٹ|40 منٹ,elementary_mathematics,2
ایک ریستوران نے گزشتہ ہفتے 231 انڈے استعمال کیے تھے۔ ان میں سے 46 کا رنگ بھورا تھا۔ باقی انڈے سفید رنگ کے تھے۔ پچھلے ہفتے استعمال کیے گئے سفید انڈوں کی تعداد w کے حل کے لیے کون سی مساوات استعمال کی جا سکتی ہے؟,231+ 46w = 0|46+w= 231|w= 231+ 46|231 = 46w,elementary_mathematics,1
ایک اسٹور مینیجر اپنے گودام سے قمیضوں کا آرڈر دیتا ہے۔ قمیضیں خانوں میں پیک کی جاتی ہیں اور اسٹور کو بھیجی جاتی ہیں، جیسا کہ ذیل میں بیان کیا گیا ہے۔ 81 شرٹس کا آرڈر دیا گیا ہے۔ ہر شپنگ باکس میں 9 شرٹس ہوتی ہیں۔ آرڈر کی گئی تمام شرٹس کے لیے کتنے شپنگ بکس کی ضرورت ہے؟,8|9|72|90,elementary_mathematics,1
"گھٹائیں 2,396 – 1,709","687|687|1,493|1,695",elementary_mathematics,0
جیری نے 10 گھنٹے میں 200 صفحات کی کتاب پڑھی۔ اس شرح سے، اسے 320 صفحات کی کتاب پڑھنے میں کتنا وقت لگے گا؟,16 گھنٹے|18 گھنٹے|24 گھنٹے|32 گھنٹے,elementary_mathematics,0
کس عدد کو 4 سے ضرب 36 کے برابر ہے؟,6|7|8|9,elementary_mathematics,3
34 L 18 cL کو لیٹر میں تبدیل کریں۔,34.18 ایل|35.8 ایل|34.018 ایل|214 ایل,elementary_mathematics,0
ایک پانی کی ٹینک 50 گیلن رکھے گی۔ 20 سیکنڈ میں ٹینک کو بھرنے کے لیے، گیلن فی سیکنڈ میں، کس بہاؤ کی شرح کی ضرورت ہے؟,0.4|2.5|16.7|70,elementary_mathematics,1
تارا تقریباً 18 منٹ میں فلم کے 2 رول تیار کر سکتی ہے۔ اس شرح سے، اسے فلم کے 8 رول تیار کرنے میں کتنا وقت لگے گا؟,42 منٹ|1 گھنٹہ 12 منٹ|1 گھنٹہ 20 منٹ|1 گھنٹہ 44 منٹ,elementary_mathematics,1
ٹیشا نے اپنے دوست کو درج ذیل پہیلی لکھی: میرے 2 چہرے ہیں، کوئی چوٹی نہیں، اور میں رول کر سکتی ہوں۔ میں کیا ہوں؟ پہیلی کا جواب کیا ہے؟,شنک|سلنڈر|کرہ|پرزم,elementary_mathematics,1
جان کے دوست نے اسے بتایا کہ وہ مقامی کنسرٹ میں فلائیرز کے حوالے سے $49 کما سکتا ہے۔ جان فی گھنٹہ کی شرح کا حساب لگانا چاہتا ہے، اگر وہ کل 3.5 گھنٹے کام کرتا ہے، تو مساوات 3.5x = 49 اس کی فی گھنٹہ کی شرح کا تعین کرنے کے لیے استعمال کی جا سکتی ہے۔ ڈالر میں جان کی فی گھنٹہ کی شرح کیا ہوگی؟,$1.40|$14.00|$45.50|$171.50,elementary_mathematics,1
"24,513 میں ہندسے 5 کی قدر 357 میں ہندسے 5 کی قدر کتنی گنا ہے؟","10|100|1,000|10,000",elementary_mathematics,0
کون سا اظہار 5(4x + 3) - 2x کے برابر ہے؟,18x+15|18x+3|7x+8|2x+8,elementary_mathematics,0
مسٹر لوسی نے قلم کے 5 تھیلے اکٹھے رکھے۔ اس نے ہر تھیلے میں 19 سیاہ قلم اور 12 سرخ قلم رکھے۔ کون سا اظہار ظاہر کرتا ہے کہ مسٹر لوسی نے تھیلے میں ڈالے گئے قلموں کی کل تعداد؟,(5 × 19) + 12|5 × (19 + 12)|5 + (19 × 12)|(5 + 19) × 12,elementary_mathematics,1
مجموعی طور پر، سونیا اور نیگین کے پاس $27.00 ہیں۔ سونیا ایک قمیض $12.35 میں خریدتی ہے اور نیگن $10.11 میں سینڈل کا ایک جوڑا خریدتی ہے۔ کتنی رقم باقی ہے؟,$4.46|$4.54|$5.36|$5.76,elementary_mathematics,1
ایک پوسٹ آفس نے ایک ہفتے میں اٹھارہ ہزار چھیانوے ڈاک بھیجے۔ توسیع شدہ شکل میں لکھے گئے میل کے ٹکڑوں کی یہ تعداد کیا ہے؟,"18 + 1,000 + 90 + 6|18 + 1,000 + 900 + 60|10,000 + 8,000 + 90 + 6|10,000 + 8,000 + 900 + 60",elementary_mathematics,2
مندرجہ ذیل میں سے کون سا 3 اور 3 اوور 4 گیل کے برابر نہیں ہے؟,60 ج|15 qt|30 پی ٹی|13 qt,elementary_mathematics,3
جیس نے اپنے آخری باسکٹ بال کھیل کے دوران 18 پوائنٹس بنائے۔ اس کی بنائی ہوئی ہر ٹوکری کی قیمت 2 پوائنٹس تھی۔ اس نے کتنی ٹوکریاں بنائیں؟,20|16|9|8,elementary_mathematics,2
Tayshawn 56 ماربلز کو برابر گروپوں میں ترتیب دیتا ہے جس میں کوئی ماربل باقی نہیں بچا ہے۔ کون سا بیان ماربلز کے گروہوں کے بارے میں درست ہو سکتا ہے Tayshawn قسم؟,ماربل کے 6 گروپ ہیں جن میں ہر گروپ میں 8 ماربل ہیں۔|سنگ مرمر کے 7 گروپ ہیں جن میں ہر گروپ میں 7 ماربل ہیں۔|سنگ مرمر کے 8 گروپ ہیں جن میں ہر گروپ میں 7 ماربل ہیں۔|سنگ مرمر کے 9 گروپ ہیں جن میں ہر گروپ میں 6 ماربل ہیں۔,elementary_mathematics,2
"ایکسپریشن 2,816 x 7 کی قدر کیا ہے؟","14,572|14,672|19,612|19,712",elementary_mathematics,3
مریم کے گھر اور ڈیبی کے گھر کے درمیان فاصلہ 444.44 میٹر ہے۔ ان کے گھروں کے درمیان فاصلے، میٹر میں ہندسوں کی قدروں کے بارے میں کون سا بیان درست ہے؟,دسویں جگہ میں 4 کی قدر دسویں جگہ میں 4 کی قدر 1/10 ہے۔|سوویں جگہ پر 4 کی قدر 1/10 ہے اور ایک جگہ پر 4 کی قدر۔|سینکڑوں جگہ میں 4 کی قدر ایک جگہ پر 4 کی قدر سے 10 گنا زیادہ ہے۔|دسویں مقام پر 4 کی قدر سوویں مقام پر 4 کی قدر سے 10 گنا زیادہ ہے۔,elementary_mathematics,3
4 گھنٹے میں 308 کلومیٹر ڈرائیونگ کے لیے یونٹ کی شرح لکھیں۔ اگر ضروری ہو تو قریب ترین سوویں تک گول کریں۔,82 کلومیٹر فی گھنٹہ|74 کلومیٹر فی گھنٹہ|72 کلومیٹر فی گھنٹہ|77 کلومیٹر فی گھنٹہ,elementary_mathematics,3
شہر کے سوئمنگ پول کی لمبائی کا سب سے معقول تخمینہ کیا ہے؟,1 میٹر|25 میٹر|1 کلومیٹر|25 کلومیٹر,elementary_mathematics,1
میوزک شوکیس کے شیڈول میں 3 سیٹ شامل ہیں جو 20 منٹ کے ہیں اور 1 سیٹ جو 40 منٹ کا ہے۔ ہر سیٹ کے درمیان 10 منٹ کا وقفہ ہے۔ میوزک شوکیس کی کل لمبائی 3 (20 + 10) + 40 منٹ ہے۔ میوزک شوکیس کی کل لمبائی کتنی ہے؟,73 منٹ|110 منٹ|130 منٹ|210 منٹ,elementary_mathematics,2
24 اور 36 کا LCM تلاش کریں۔,96|144|72|120,elementary_mathematics,2
پچھلے سال، چیسا نے سکول پارٹی کے لیے سوپ کی 32 ایک کپ سرونگ کی۔ اس سال، وہ اس سوپ کی دو گنا مقدار میں بنائے گی جو اس نے پچھلے سال بنایا تھا۔ چیسا اس سال کتنے گیلن سوپ بنائے گا؟,64|16|4|2,elementary_mathematics,2
ایمل ہوم ٹیم اور مہمان ٹیم کے درمیان کھیل میں سب سے زیادہ مقبول فٹ بال ٹیم کا پتہ لگانا چاہتا ہے۔ مندرجہ ذیل طریقوں میں سے کون سا اسے سب سے زیادہ درست نتائج دے گا؟,ہوم ٹیم کے لیے چیئر لیڈرز کا سروے کرنا|دورہ کرنے والی ٹیم کے لیے ٹوپیاں پہننے والے لوگوں کا سروے کرنا|ٹکٹ کے لیے لائن میں کھڑے لوگوں کے ایک گروپ کا سروے کرنا|ان لوگوں کا سروے کرنا جو ہوم ٹیم کے شہر میں نہیں رہتے,elementary_mathematics,2
ایک کمپنی ہر 3 سفید کاروں کے لیے 5 نیلی کاریں بناتی ہے۔ اگر کمپنی ایک دن میں 15 سفید کاریں بناتی ہے تو کتنی نیلی کاریں بنائے گی؟,9|13|17|25,elementary_mathematics,3
اسٹیو نے اپنے بیس بال کارڈز کو ذخیرہ کرنے کے لیے پلاسٹک کیسز کا حکم دیا۔ ہر کیس کی لمبائی 12 سینٹی میٹر، چوڑائی 6.5 سینٹی میٹر اور اونچائی 1.25 سینٹی میٹر ہے۔ ایک بیس بال کارڈ کیس کا حجم، کیوبک سینٹی میٹر میں کیا ہے؟,39.5|97.5|118.5|202.25,elementary_mathematics,1
کرس 16.99 ڈالر فی گچھا میں گلاب فروخت کرتا ہے۔ دن کے اختتام پر اس نے $339.80 جمع کر لیے ہیں۔ اس نے گلاب کے کتنے گچھے بیچے؟,22|18|20|16,elementary_mathematics,2
ایک آئس کریم کی دکان نے ایک دن میں 48 ونیلا ملک شیکس فروخت کیے، جو اس دن فروخت ہونے والی کل ملک شیکس کا 40% تھا۔ اس دن آئس کریم کی دکان پر کتنے ملک شیکس فروخت ہوئے؟,60|72|100|120,elementary_mathematics,3
اندازہ کریں (c^2 − b^2)^2 + a^2 برائے a = 5، b = 3، اور c = 2۔,194|18|50|0,elementary_mathematics,2
اگر x − 3 = 6، x کی قدر کیا ہے؟,2|3|6|9,elementary_mathematics,3
جو اور مائیک دونوں ایک ہی ریس میں بھاگے۔ جو نے مائیک سے 4 منٹ پہلے ریس مکمل کی۔ اگر مائیک نے دوڑ 4:02 پر ختم کی تو جو نے کس وقت ریس ختم کی؟,3:58 p.m.|شام 4:06 بجے|8:02 p.m.|دوپہر 12:02 بجے,elementary_mathematics,0
امیر گتے کی ایک پٹی کی چوڑائی کو 5 سے زیادہ 6 فٹ کے طور پر ماپتا ہے۔ گتے کی دوسری پٹی 2 سے زیادہ 3 فٹ چوڑی ہے۔ گتے کی پٹیوں کی مشترکہ چوڑائی کا اندازہ لگائیں۔,2 فٹ|1 اور 1 2 فٹ سے زیادہ|1 فٹ|3 فٹ,elementary_mathematics,1
ایک شکل برابر سائز کے 12 دائیں مثلث سے بنی ہے۔ ہر دائیں مثلث کی بنیاد 4 سینٹی میٹر اور اونچائی 5 سینٹی میٹر ہے۔ شکل کا مربع سینٹی میٹر میں کل رقبہ کیا ہے؟,10|60|120|240,elementary_mathematics,2
Tranquility Inn کے ہفتہ وار دودھ کے آرڈر میں 40 گیلن کم چکنائی والا دودھ اور 15 گیلن چاکلیٹ دودھ شامل ہے۔ Tranquility Inn کے ہفتہ وار دودھ کے آرڈر میں کم چکنائی والے گیلن اور چاکلیٹ گیلن کی تعداد کا تناسب کیا ہے؟,3:01|5:01|5:03|8:03,elementary_mathematics,3
مسٹر کلارک کی چوتھی جماعت کی کلاس میں 20 طلباء ہیں۔ پوری چوتھی جماعت میں مسٹر کلارک کی کلاس سے 5 گنا زیادہ طلباء ہیں۔ پوری چوتھی جماعت میں طلباء کی تعداد کا تعین کرنے کے لیے کون سی مساوات استعمال کی جا سکتی ہے؟,5xn = 20|5+20=n|20x5=n|20/n=5,elementary_mathematics,2
4x + 9 کی قدر کیا ہے، جب x = 4؟,13|17|25|52,elementary_mathematics,2
تقسیمی جائیداد کا استعمال کرتے ہوئے اظہار 4(3 + 2) کو دوبارہ بیان کریں۔ آسان نہ کریں۔,4(3) + 2|4(3) + 4(2)|20|3 + 4(2),elementary_mathematics,1
7 پیسوں کے اسٹیک کی اونچائی 1 سینٹی میٹر ہے۔ نک کے پاس پیسوں کا ایک ڈھیر ہے جس کی اونچائی 4 سینٹی میٹر ہے۔ Nick's stack of pennies میں پیسوں کی تعداد معلوم کرنے کے لیے کون سی مساوات استعمال کی جا سکتی ہے؟,n =7+4|n =7–4|n = 7×4|n = 7÷4,elementary_mathematics,2
"مندرجہ ذیل میں سے کون سا 4,286 × 390 کا بہترین تخمینہ ہے؟","12,000,000|1,600,000|1,200,000|16,000",elementary_mathematics,1
لمبائی l، چوڑائی w، اور اونچائی h کے ساتھ دائیں مستطیل پرزم کا سطحی رقبہ S = 2(lw+wh + hl) فارمولہ استعمال کرتے ہوئے پایا جا سکتا ہے۔ 12 انچ کی لمبائی، 9 انچ کی چوڑائی، اور 2 انچ کی اونچائی کے ساتھ ایک پرزم کا مربع انچ، سطح کا رقبہ کیا ہے؟,300|258|150|92,elementary_mathematics,0
ایک شاپنگ مال ان لوگوں کا سروے کرنا چاہتا ہے جو مال میں خریداری کرتے ہیں۔ جو انہیں سب سے زیادہ نمائندہ نمونہ دے گا؟,جوتوں کی ایک دکان پر سروے کرنا|جوتوں کی تمام دکانوں پر سروے کرنا|مال کے داخلی دروازے پر سروے کرنا|مال سے ایک میل دور سروے کرنا,elementary_mathematics,2
پیدل سفر کرنے والوں کا ایک گروپ سالٹ فلیٹ (بلند −55 فٹ) سے ٹیلون بلف (بلند 620 فٹ) تک چڑھ گیا۔ ٹیلون بلف اور سالٹ فلیٹس کے درمیان بلندی میں کیا فرق ہے؟,565 فٹ|575 فٹ|665 فٹ|675 فٹ,elementary_mathematics,3
کلاس کی مدت کے آغاز پر، ایک کلاس میں آدھے طلباء لائبریری جاتے ہیں۔ بعد میں مدت میں، باقی طلباء میں سے آدھے کمپیوٹر لیب جاتے ہیں۔ اگر کلاس میں 8 طلباء باقی ہیں تو اصل میں کتنے طلباء کلاس میں تھے؟,12 طلباء|16 طلباء|24 طلباء|32 طلباء,elementary_mathematics,3
نمبر کا پیٹرن اسکپ کاؤنٹنگ کے اصول کی پیروی کرتا ہے۔ 5، 20، 35، 50، 65... کون سا نمبر پیٹرن اسی اصول کی پیروی کرتا ہے؟,5، 20، 25، 30، 35...|13، 18، 23، 28، 33...|12، 27، 42، 57، 72...|15، 30، 40، 55، 65...,elementary_mathematics,2
استاد کے پاس اسٹیکرز کے تین پیکج ہوتے ہیں۔ ایک پیکیج میں 56 اسٹیکرز، دوسرے پیکیج میں 48 اسٹیکرز اور تیسرے پیکیج میں 58 اسٹیکرز ہیں۔ اگر استاد تمام اسٹیکرز کو 27 طلباء میں برابر تقسیم کرتا ہے تو ہر طالب علم کو کتنے اسٹیکرز ملیں گے؟,6 اسٹیکرز|9 اسٹیکرز|54 اسٹیکرز|81 اسٹیکرز,elementary_mathematics,0
عدد کا کون سا مجموعہ کم از کم سے عظیم تر تک ترتیب میں ہے؟,−9، −6، −3، 7، 11|−3، −6، 7، 11، -9|11، −9، 7، −6، −3|7، 11، −6، −3، −9,elementary_mathematics,0
7% برابر کیا ہے؟,0.007|0.07|0.7|7,elementary_mathematics,1
کون سا تناسب 6 سے زیادہ 9 کے ساتھ ایک تناسب بنا سکتا ہے؟,8 سے زیادہ 12|9 سے زیادہ 6|2 سے زیادہ 6|24 سے زیادہ 27,elementary_mathematics,0
بیلا کی تمام تصاویر 8 تصویری کتابوں میں ہیں۔ ہر تصویری کتاب میں 25 تصاویر ہیں۔ کون سا اظہار ظاہر کرتا ہے کہ بیلا کی تصاویر کی کل تعداد کیسے تلاش کی جائے؟,25 ÷ 8|25 – 8|25 + 8|25 × 8,elementary_mathematics,3
32 x 67 کی پیداوار کیا ہے؟,"1,824|1,934|2,044|2,144",elementary_mathematics,3
حل کریں 18.5 dol over m gal = 3.60 dol over 7.5 gal. اگر ضروری ہو تو قریب ترین سوویں تک گول کریں۔,8.86|42.25|32.54|38.44,elementary_mathematics,3
117.83 ÷ 5.67 کا تخمینہ لگانے کے لیے ہم آہنگ اعداد استعمال کریں۔,تقریبا 10|تقریباً 20|تقریباً 30|تقریبا 40,elementary_mathematics,1
مارگوریٹ نے اپنے پچھلے تمام ہجے ٹیسٹوں میں 75 اور 89 کے درمیان سکور حاصل کیا۔ اس نے اپنے اگلے ٹیسٹ میں 100 کا سکور حاصل کیا۔ مندرجہ ذیل میں سے کون سا بیان درست ہے؟,موڈ بڑھے گا۔|وسعت بڑھے گی۔|اوسط کم ہو جائے گا۔|میڈین کم ہو جائے گا۔,elementary_mathematics,1
تخمینہ 153 + 44۔ رقم کن اعداد کے درمیان ہے؟,100 اور 299|300 اور 499|500 اور 699|700 اور 899,elementary_mathematics,0
کس سیٹ میں تمام اقدار عدم مساوات کو 2x - 1 <10 سچ بناتے ہیں؟,{10، 15، 20}|{5، 7، 9}|{4، 6، 8}|{2، 3، 4},elementary_mathematics,3
ایرن نے 12 پنٹس کا جوس بنایا۔ وہ ہر روز 3 کپ جوس پیتی ہے۔ ایرن کو اپنے بنائے ہوئے تمام جوس پینے میں کتنے دن لگیں گے؟,2 دن|4 دن|8 دن|9 دن,elementary_mathematics,2
جان کے پاس 4 کوکیز ہیں۔ سارہ کے پاس جان سے زیادہ 2 کوکیز ہیں۔ دارا کے پاس سارہ سے 3 گنا زیادہ کوکیز ہیں۔ دارا کے پاس کتنی کوکیز ہیں؟,9|14|18|24,elementary_mathematics,2
نمبروں کا کون سا گروپ کم سے کم سے بڑے تک ترتیب میں ہے؟,0.25 1.6 1.0|1.0 0.25 1.6|0.25 1.0 1.6|1.6 1.0 0.25,elementary_mathematics,2
نمبر −7 کا مخالف تلاش کریں۔,7|−7|0.7|−7.7,elementary_mathematics,0
مائی اپنی اسکول کے بعد کی نوکری پر فی گھنٹہ $5.50 کماتی ہے۔ $132 کمانے کے لیے اسے کتنے گھنٹے کام کرنا پڑتا ہے؟,16|20|24|28,elementary_mathematics,2
میں ایک نمبر ہوں۔ میرے پاس ایک جگہ 7 ہیں۔ میں 80 سے کم ہوں لیکن 70 سے زیادہ ہوں۔ میرا نمبر کیا ہے؟,71|73|77|79,elementary_mathematics,2
y = 8 کے لیے −7(y − 6) کا اندازہ لگائیں۔,−14|50|-13|−62,elementary_mathematics,0
شکاگو سے نیویارک شہر کا فاصلہ 794 میل ہے۔ قریب ترین سو پر 794 گول کیا ہے؟,700|794|800|894,elementary_mathematics,2
کیٹی 3 ہفتوں کے لیے چھٹیوں پر جا رہی ہے۔ وہ 5 × 3 کو ضرب دے کر ان دنوں کی تعداد تلاش کرتی ہے جن سے وہ چھوٹ جائے گی۔,3+5|3+3+3|5+5+5|5+5+5+5+5,elementary_mathematics,2
کون سا اظہار 720 کے برابر ہے؟,7x20|8x80|9x80|9x90,elementary_mathematics,2
13 سے زیادہ 14 + 7 سے زیادہ 14 تلاش کریں۔,1 اور 4 اوور 7|1 اور 3 اوور 7|1 اور 5 اوور 14|20 سے زیادہ 28,elementary_mathematics,1
8 • (−7) • (−1) کو آسان بنانے کے لیے ضرب کی ایسوسی ایٹیو پراپرٹی کا استعمال کریں۔,−63|56|48|−56,elementary_mathematics,0
ایک بیکر نے 232 مفنز بنائے۔ اس نے 190 مفنز مقامی ہوٹل میں بھیجے۔ وہ باقی مفنز کو ڈبوں میں ڈال دے گا۔ ہر باکس میں 6 مفنز ہو سکتے ہیں۔ 6 کو تلاش کرنے کے لیے کون سی مساوات استعمال کی جا سکتی ہے، بیکر کو کتنے خانوں کی ضرورت ہو گی؟,(232 - 190)/6=b|(232 + 190)x6=b|(232 - 190)x6=b|(232 + 190)/6=b,elementary_mathematics,0
"اگر 30,000 کو 10 سے تقسیم کیا جائے اور پھر 10 سے دوبارہ تقسیم کیا جائے تو نتیجہ کیا ہوگا؟","3|30|300|3,000",elementary_mathematics,2
درست جواب تلاش کریں: 145 + 281 + 62,"426|488|946|1,046",elementary_mathematics,1
ایک کار 24 میل فی گیلن پٹرول (mi/gal) حاصل کرتی ہے۔ کار کو 144 میل کا سفر کرنے کے لیے کتنے گیلن پٹرول کی ضرورت ہوگی؟,6.5 گیلن|6 گیلن|5.5 گیلن|5 گیلن,elementary_mathematics,1
ایکسپریشنز کا کون سا جوڑا صفر سے زیادہ کسی بھی متغیر قدر کے برابر ہے؟,3(x+2) اور 3x+2|4d+2e اور 8d+e|f+f+f+g اور 3fg|b+b+3c اور 2b+3c,elementary_mathematics,3
"ویسٹ ویلی کے قصبے میں 2,817 گھر ہیں۔ ہر گھر روزانہ اوسطاً 380 گیلن پانی استعمال کرتا ہے۔ ویسٹ ویلی کے گھروں میں اوسطاً روزانہ استعمال ہونے والے پانی کی کل تعداد معلوم کرنے کے لیے نیچے دیے گئے اظہار کا استعمال کریں۔ 2,817 × 380 ویسٹ ویلی میں گھر روزانہ اوسطاً کتنے گیلن پانی استعمال کرتے ہیں؟","860,460 گیلن|870,460 گیلن|1,060,460 گیلن|1,070,460 گیلن",elementary_mathematics,3
"بیس بال پارک میں بیٹھنے کے لیے تین مختلف حصے ہیں۔ ہر حصے میں بیٹھنے والے افراد کی تعداد ذیل میں بیان کی گئی ہے۔
* سرخ حصے میں 200 افراد کی نشستیں ہیں۔
* نیلے حصے میں سرخ حصے سے 20 کم لوگ بیٹھتے ہیں۔
* سبز حصے میں نیلے حصے سے 2 گنا زیادہ لوگ بیٹھتے ہیں۔
بیس بال پارک میں بیٹھنے والے لوگوں کی کل تعداد کتنی ہے؟",260|380|640|740,elementary_mathematics,3
باسکٹ بال کے ایک کھلاڑی نے اپنے پہلے کھیل میں 18 پوائنٹس بنائے۔ یہ اس کے دوسرے گیم میں اسکور کرنے سے 4 پوائنٹس کم ہے۔ اس نے اپنے دوسرے گیم میں جتنے پوائنٹس اسکور کیے تھے ان کی تعداد p معلوم کرنے کے لیے ایک مساوات لکھیں اور حل کریں۔,18 = p − 4; 14|18 = p − 4; 22|18 − 4 = p; 14|18 − p = 4; 22,elementary_mathematics,1
−6x = −36 مساوات کو حل کریں۔ اپنا جواب چیک کریں۔,1 سے زیادہ 6|6|1 اوور 216|216,elementary_mathematics,1
ڈیٹا 18، 9، 9، 10، 11، 14، 30، 19 کے سیٹ کا وسط تلاش کریں۔,9|15|30|11,elementary_mathematics,1
ریاست جارجیا کی 159 کاؤنٹیز ہیں اور 58056 مربع میل پر محیط ہے۔ فی کاؤنٹی مربع میل کی اوسط تعداد کیا ہے؟ اپنے جواب کو قریب ترین پورے نمبر پر گول کریں۔,274 مربع میل فی کاؤنٹی|159 مربع میل فی کاؤنٹی|318 مربع میل فی کاؤنٹی|365 مربع میل فی کاؤنٹی,elementary_mathematics,3
مریخ پر درجہ حرارت دن کے وقت 27 ° C اور رات میں −125 ° C تک پہنچ جاتا ہے۔ اوسط درجہ حرارت کیا ہے؟,76°C|−49°C|49°C|−76°C,elementary_mathematics,1
سوال کا جواب دینے کے لیے نیچے دی گئی مساوات کا استعمال کریں۔ 14 × 3 = 42 کون سا بیان اظہار کی صحیح ترجمانی کرتا ہے؟,14 42 سے 3 زیادہ ہے۔|42 3 سے 14 زیادہ ہے۔|14 42 سے 3 گنا زیادہ ہے۔|42 14 سے 3 گنا زیادہ ہے۔,elementary_mathematics,3
−4 + 7 • 3^2 کو آسان بنائیں۔ کیلکولیٹر، کاغذ اور پنسل، یا ذہنی ریاضی کا استعمال کریں۔,437|27|289|59,elementary_mathematics,3
ہائیکنگ کلب کے ممبران نے 2.4 گھنٹے تک پیدل سفر کیا اور ہر گھنٹے میں 2.5 میل کا فاصلہ طے کیا۔ ممبران نے کتنا اضافہ کیا۔,4.9 میل|5.8 میل|6.0 میل|6.3 میل,elementary_mathematics,2
اگر x کی قدر 0.0051 اور 0.038 کے درمیان ہے، تو درج ذیل میں سے کون x ہو سکتا ہے؟,0.0042|0.0261|0.049|0.052,elementary_mathematics,1
ایک پشوچکتسا ایک بلی کو پکڑے ہوئے ہے اور پیمانے پر قدم رکھتا ہے۔ پیمانہ 157.8 lb پڑھتا ہے۔ صرف جانوروں کے ڈاکٹر کا وزن 148.3 lb ہے۔ بلی کے وزن کا بہترین تخمینہ کون سا ہے؟,4 اور 7 پونڈ کے درمیان|8 اور 11 پونڈ کے درمیان|12 اور 15 پونڈ کے درمیان|16 اور 19 پونڈ کے درمیان,elementary_mathematics,1
محترمہ کارٹر کے کلاس روم میں 30 طلباء ہیں۔ وہ انہیں 5 مساوی گروپوں میں ترتیب دیتی ہے۔ کون سا اظہار ظاہر کرتا ہے کہ ہر گروپ میں طلباء کی تعداد کیسے تلاش کی جائے؟,30+5|30/5|30-5|30x5,elementary_mathematics,1
نمبر پیٹرن میں پہلا نمبر 28 ہے۔ پیٹرن کا اصول یہ ہے کہ پیٹرن میں اگلا نمبر حاصل کرنے کے لیے 14 کا اضافہ کریں۔ اگر پیٹرن جاری ہے، تو کون سا بیان درست ہے؟,پیٹرن میں تمام نمبروں کو 10 سے برابر تقسیم کیا جا سکتا ہے۔|پیٹرن میں تمام نمبروں کو 4 سے برابر تقسیم کیا جا سکتا ہے۔|پیٹرن میں تمام نمبروں کو 8 سے برابر تقسیم کیا جا سکتا ہے۔|پیٹرن میں تمام نمبروں کو 7 سے برابر تقسیم کیا جا سکتا ہے۔,elementary_mathematics,3
مساوات x − 10.5 = −11.6 کو حل کریں۔,−22.1|1.1|22.1|−1.1,elementary_mathematics,3
کون سا تناسب 8 سے زیادہ 18 کے ساتھ تناسب نہیں بنا سکتا؟,46 اوور 108|12 سے زیادہ 27|135 سے زیادہ 60|4 سے زیادہ 9,elementary_mathematics,0
ایک سمسٹر کے دوران، ایک طالب علم نے چھ ٹیسٹوں میں 76، 80، 83، 71، 80، اور 78 کے اسکور حاصل کیے۔ ان چھ ٹیسٹوں کے لیے طالب علم کا اوسط اسکور کیا ہے؟,76|77|78|79,elementary_mathematics,2
25 اور 55 کی GCD تلاش کریں۔,5|11|50|275,elementary_mathematics,0
30 کا 60% کیا ہے؟,1.8|18|180|1800,elementary_mathematics,1
پوائنٹ A اور پوائنٹ B ایک نمبر لائن پر رکھے گئے ہیں۔ پوائنٹ A -20 پر واقع ہے اور پوائنٹ B پوائنٹ A سے 5 کم ہے۔ پوائنٹ B کے بارے میں کون سا بیان درست ہے؟,یہ -25 پر واقع ہے اور نمبر لائن پر پوائنٹ A کے دائیں طرف ہے۔|یہ -15 پر واقع ہے اور نمبر لائن پر پوائنٹ A کے دائیں طرف ہے۔|یہ -25 پر واقع ہے اور نمبر لائن پر پوائنٹ A کے بائیں طرف ہے۔|یہ -15 پر واقع ہے اور نمبر لائن پر پوائنٹ A کے بائیں طرف ہے۔,elementary_mathematics,2
ذہنی ریاضی کا استعمال کرتے ہوئے مساوات 1.2 = 0.4y کو حل کریں۔,1.6|−3|4|3,elementary_mathematics,3
Ty کے پاس کتابوں کی ایک خاص تعداد کو پڑھنے کے لیے 12 ہفتے ہوتے ہیں۔ وہ ہر کتاب کو پڑھنے میں 2 ہفتے گزارے گا۔ وہ کون سا اظہار استعمال کر سکتا ہے کہ وہ کتنی کتابیں پڑھے گا؟,12 – 2|12 + 12|12 – 2 – 2 – 2|12 – 2 – 2 – 2 – 2 – 2 – 2,elementary_mathematics,3
ایکسپونینشل اشارے میں لکھا ہوا کون سا نمبر 343 کے برابر ہے؟,3^7|7^3|7^49|294^49,elementary_mathematics,1
کونور نے تنکے سے 9 شکلیں بنائیں۔ ہر شکل میں 5 تنکے ہوتے ہیں۔ کونور نے مزید شکلیں بنانے کے لیے مزید 15 تنکے استعمال کیے۔ تمام شکلیں بنانے کے لیے استعمال ہونے والے تنکے کی کل تعداد کونور ہے؟,20|29|45|60,elementary_mathematics,3
−8 • (−4) کی پیداوار تلاش کریں۔,−4|4|32|−32,elementary_mathematics,2
کون سا تناسب 3 سے زیادہ 8 کے ساتھ ایک تناسب بنا سکتا ہے؟,18 سے زیادہ 40|18 سے زیادہ 56|24 اوور 64|15 سے زیادہ 48,elementary_mathematics,2
مرانڈا نے متناسب تصویر کو بڑا کیا۔ اس کی اصل تصویر 4 سینٹی میٹر چوڑی اور 6 سینٹی میٹر لمبی ہے۔ اگر نئی، بڑی تصویر 10 سینٹی میٹر چوڑی ہے، تو اس کی لمبائی کیا ہے؟,8 سینٹی میٹر|12 سینٹی میٹر|15 سینٹی میٹر|20 سینٹی میٹر,elementary_mathematics,2
کون سا عدد 7 کا ضرب ہے؟,27|48|56|74,elementary_mathematics,2
ایک گیس اسٹیشن نے ایک دن میں 300.5849 گیلن گیس فروخت کی۔ گیس سٹیشن نے کتنے گیلن گیس فروخت کی، قریب ترین سوویں پر گول کیا گیا؟,300|300.58|300.585|300.59,elementary_mathematics,1
پیٹر فی ہفتہ 38 گھنٹے کام کرتا ہے اور فی گھنٹہ $7.25 کماتا ہے۔ اس کا آجر اسے ایک اضافہ دیتا ہے جس سے اس کی ہفتہ وار مجموعی تنخواہ $307.80 تک بڑھ جاتی ہے۔ پیٹر کی ہفتہ وار مجموعی تنخواہ میں کیا اضافہ ہوا ہے؟,$32.30|$34.70|$42.46|$275.50,elementary_mathematics,0
کون سا نمبر مساوات 35 / بناتا ہے؟ = 7 سچ؟,5|6|7|8,elementary_mathematics,0
ماریا ہر روز دوپہر کے کھانے پر $9 خرچ کرتی ہے وہ کام پر ہوتی ہے۔ یہ جاننے کے لیے کہ وہ 5 دن کے کام کے ہفتے کے دوران دوپہر کے کھانے پر کتنی رقم خرچ کرتی ہے، وہ 5 × 9 کو ضرب دیتی ہے۔ ماریہ 5 دن کے کام کے ہفتے کے دوران دوپہر کے کھانے پر کتنی رقم خرچ کرتی ہے؟,$40|$45|$50|$59,elementary_mathematics,1
−17.02 = −2.3y مساوات کو حل کریں۔ اپنا جواب چیک کریں۔,7.4|−7.4|-19.32|14.72,elementary_mathematics,0
پنسل کے وزن کو ظاہر کرنے کے لیے مندرجہ ذیل میں سے سب سے موزوں اکائی کون سی ہے؟,پاؤنڈ|اونس|کوارٹس|پنٹس,elementary_mathematics,1
لیزا ایک چھوٹے سے کاروبار کی مالک ہے۔ پیر کو $14 کا نقصان ہوا اور منگل کو $18 کا منافع ہوا۔ بدھ کو $6 کا نقصان ہوا اور جمعرات کو $7 کا منافع ہوا۔ کل نفع یا نقصان تلاش کریں۔,$15 منافع|$45 کا نقصان|$5 منافع|$10 منافع,elementary_mathematics,2
کچھ نانبائی ایپل پائی بناتے ہیں۔ ان کے پاس سیب کے 15 ڈبے ہیں۔ ہر ڈبے میں 18 سیب ہوتے ہیں۔ وہ ہر پائی کے لیے 7 سیب استعمال کرتے ہیں۔ سیب کے پیاز کی کل تعداد کتنی ہے جو نانبائی بنا سکتے ہیں؟,33|38|39|40,elementary_mathematics,1
کیری نے اپنے ہوم ورک پر 3 گھنٹے گزارے۔ اس نے تمام مضامین پر یکساں وقت صرف کیا۔ اگر کیری نے سائنس پر 1 سے زیادہ 2 گھنٹے گزارے، تو اس نے کتنے مضامین پڑھے؟,4 مضامین|2 مضامین|6 مضامین|5 مضامین,elementary_mathematics,2
ایک بیس بال ٹیم نے 215 نوجوانوں کے ٹکٹ $3 ea میں بیچے۔,(215 × 3) – (467 × 7)|(215 × 7) – (467 × 3)|(467 × 3) – (215 × 7)|(467 × 7) – (215 × 3),elementary_mathematics,3
ملک کے پاس 240 سی ڈیز ہیں۔ اس نے انہیں 12 مساوی گروہوں میں تقسیم کیا۔ کون سا اظہار ظاہر کرتا ہے کہ ہر گروپ میں سی ڈیز کی تعداد کیسے تلاش کی جائے؟,240 ÷ 12|240 – 12|240 + 12|240 × 12,elementary_mathematics,0
اگر شہر بھر میں ہونے والے مقابلے میں کل 762 طلباء کو 6 برابر سائز کی ٹیموں میں تقسیم کیا جائے تو ہر ٹیم میں کتنے طلباء ہیں؟,110|120|127|137,elementary_mathematics,2
اظہار کی قدر تلاش کریں −16 + 13 + (−33)۔,4|62|36|−36,elementary_mathematics,3
دوستوں کا ایک گروپ دوپہر کے کھانے کے لیے باہر جاتا ہے۔ d لوگ سلاد خریدتے ہیں اور p لوگ سوپ خریدتے ہیں۔ ہر سلاد کی قیمت $3.99 ہے اور ہر سوپ کی قیمت $2.99 ​​ہے۔ سوپ اور سلاد کے کل اخراجات کے لیے ایک اظہار لکھیں۔,3.99p + 2.99d|2.99p + 3.99d|(2.99 + 3.99)(p + d)|(3.99p + 2.99)d,elementary_mathematics,1
کاغذ کے تولیوں کے ایک پیکج میں کاغذ کے تولیوں کے 12 رول ہوتے ہیں۔ مسٹر کیلی 4 کمروں میں کاغذ کے تولیوں کے برابر تعداد میں رول ڈالنا چاہتے ہیں۔ وہ کاغذ کے تولیوں کے رولز کی تعداد تلاش کرنے کے لیے نیچے دیے گئے نمبر کا جملہ استعمال کرتا ہے، t، اسے ہر کمرے میں ڈالنا چاہیے۔ 12 ÷ t = 4 کون سا نمبر کا جملہ ایک اور طریقہ دکھاتا ہے کہ مسٹر کیلی کاغذ کے تولیوں کے رولز کی تعداد تلاش کر سکتے ہیں، t، انہیں ہر کمرے میں رکھنا چاہئے؟,4 ÷ 12 = ٹی|4 – t = 12|4 + 12 = t|4 × t = 12,elementary_mathematics,3
مساوات −47 = g + 24 کو حل کریں۔,−71|-23|23|71,elementary_mathematics,1
وہ نمبر تلاش کریں جو بیان کو درست بناتا ہے: 48 میٹر = باکس ملی میٹر۔,"48,000|480|4,800|5",elementary_mathematics,0
"ایک بس اسٹیشن پر، بسیں صبح 6:00 بجے اپنے روٹس شروع کرتی ہیں، دو بسوں کا شیڈول ذیل میں درج وقت کے وقفوں پر مبنی ہوتا ہے۔
* بس A کا راستہ لمبا ہے اور ہر 75 منٹ بعد اسٹیشن سے نکلتی ہے۔
* بس کا راستہ مختصر ہے اور ہر 15 منٹ بعد اسٹیشن سے نکلتی ہے۔
اگلی بار کیا ہے بس A اور BusB ایک ہی وقت میں بس اسٹیشن سے نکلیں گی؟",صبح 7:00 بجے|صبح 7:15 بجے|صبح 7:30 بجے|صبح 8:30 بجے,elementary_mathematics,1
ایک گروسری اسٹور 5 لیموں کا ایک تھیلا $2.00 میں فروخت کرتا ہے۔ تھیلے میں ہر لیموں کی یونٹ قیمت کتنی ہے؟,$2.50|$0.60|$0.40|$0.10,elementary_mathematics,2
48 کا پرائم فیکٹرائزیشن لکھیں۔ جہاں ممکن ہو ایکسپوننٹ استعمال کریں۔,4 • 8|6 • 8|2^3 • 3^2|2^4 • 3,elementary_mathematics,3
فی ین کا کتا روزانہ 8 اونس کتے کا کھانا کھاتا ہے۔ فی ین نے کتوں کے کھانے کا 28 پاؤنڈ کا بیگ خریدا۔ کتوں کے کھانے کے 28 پاؤنڈ بیگ میں کتنے 8 آونس سرونگ ہوتے ہیں؟,14|56|224|448,elementary_mathematics,1
16.1 ÷ 0.14 کا حصہ تلاش کریں۔,1.15|0.0115|11.5|115,elementary_mathematics,3
اسکول کے پچھلے تین مہینوں میں بارش 8.1 انچ، 4.2 انچ، اور 0.33 انچ تھی۔ قریب ترین پوری تعداد کو راؤنڈ کرکے تین مہینوں کی کل بارش کا تخمینہ لگائیں۔,11.9 انچ|11 انچ|45.0 انچ|12 انچ,elementary_mathematics,3
کون سا تناسب 4 : 32 کے برابر ہے؟,2 : 96; 2 : 16|12 : 96; 2 : 16|12 : 96; 12 : 16|2 : 96; 12 : 16,elementary_mathematics,1
سمانتھا کے پاس 342 بیس بال کارڈز ہیں۔ پیری کے پاس 184 بیس بال کارڈز ہیں۔ سمانتھا کے پاس پیری سے زیادہ کتنے بیس بال کارڈز ہیں؟,158|168|258|268,elementary_mathematics,0
"تقسیم کرنا۔ 7,285 ÷ 4","1,801|1,801 R1|1,821|1,821 R1",elementary_mathematics,3
ایک ڈائم کا رداس تقریباً 0.85 سینٹی میٹر ہوتا ہے۔ کون سی پیمائش ایک ڈائم کے فریم کے قریب ہے؟,1.33 سینٹی میٹر|1.70 سینٹی میٹر|2.67 سینٹی میٹر|5.34 سینٹی میٹر,elementary_mathematics,3
ایک ٹورنامنٹ میں 393 کھلاڑی ہوتے ہیں اور ہر ٹیم میں 3 کھلاڑی ہوتے ہیں۔ کون سا اظہار دکھاتا ہے کہ ٹورنامنٹ میں ٹیموں کی تعداد کیسے تلاش کی جائے؟,393 + 3|393 - 3|393 × 3|393 ÷ 3,elementary_mathematics,3
مساوات 14 = w + 23 حل کریں۔,−37|−9|9|37,elementary_mathematics,1
مسٹر تھامسن کے کلاس روم میں 7 میزیں لگاتار ترتیب دی گئی ہیں۔ ہیکٹر کم کے دائیں طرف 2 نشستوں پر بیٹھا ہے۔ ٹونیا ہیکٹر کے دائیں طرف 3 سیٹوں پر بیٹھی ہے۔ کم ٹونیا کے بائیں طرف کتنی نشستوں پر بیٹھتا ہے؟,2|3|5|12,elementary_mathematics,2
ایک اسٹور میں قمیضوں کے 3 بکس ہوتے ہیں۔ ہر باکس میں 4 پیکجز ہیں جن میں ہر پیکج میں 7 شرٹس ہیں۔ اظہار 3 × (4 × 7) قمیضوں کی کل تعداد معلوم کرنے کے لیے استعمال کیا جا سکتا ہے۔ قمیضوں کی کل تعداد معلوم کرنے کے لیے کون سا اظہار بھی استعمال کیا جا سکتا ہے؟,12 × 3|12 × 7|28 × 4|28 × 7,elementary_mathematics,1
ایبی روزانہ گھر اور کام کے درمیان 18 میل کا چکر لگاتی ہے۔ اگر اس کے یومیہ راؤنڈ ٹرپ کو قریب ترین 5 میل تک گول کیا جائے، تو مندرجہ ذیل میں سے کون سا 5 دنوں میں چلنے والے میلوں کی کل تعداد کا بہترین تخمینہ ہے؟,75 میل|100 میل|125 میل|180 میل,elementary_mathematics,1
"قریب ترین 10,000 کے قریب، لوزیانا کی آبادی 2010 میں 4,530,000 تھی۔ 2010 میں لوزیانا کی اصل آبادی کون سی ہو سکتی ہے؟","4,500,321|4,524,491|4,533,372|4,535,343",elementary_mathematics,2
مارکس نے اپنی کار دھونے کے لیے $3.25 خرچ کیے۔ اگر ایک چوتھائی 60 سیکنڈ تک کار واش چلاتا ہے، تو اسے اپنی کار دھونے میں کتنا وقت لگا؟,10 منٹ|13 منٹ|16 منٹ|32.5 منٹ,elementary_mathematics,1
آسان ترین شکل میں 27 سے زیادہ 36 لکھیں۔,3 سے زیادہ 4|2 سے زیادہ 3|3 سے زیادہ 5|1 سے زیادہ 5,elementary_mathematics,0
تخمینہ 999 - 103۔ فرق کن نمبروں کے درمیان ہے؟,"1,300 اور 1,500|1,000 اور 1,200|700 اور 900|400 اور 600",elementary_mathematics,2
کون سا اظہار ایک اہم عنصر کو ظاہر کرتا ہے؟,2 • 9 • 11|2.5 • 7 • 3|1 • 11 • 13|2 • 2 • 2 • 3 • 11,elementary_mathematics,3
محترمہ لنگ ٹھیک 4 سال سے اپنے گھر میں رہ رہی ہیں۔ وہ جانتی ہے کہ ہر سال میں 12 مہینے ہوتے ہیں۔ اس نے مہینوں کی کل تعداد معلوم کی، m، وہ ذیل کے نمبر کا جملہ استعمال کرکے اپنے گھر میں رہ رہی ہے۔ 4 × 12 = m کون سا عدد جملہ مہینوں کی کل تعداد معلوم کرنے کا ایک اور طریقہ دکھاتا ہے، m، محترمہ لنگ اپنے گھر میں رہ رہی ہیں؟,12 ÷ m = 4|m × 4 = 12|12 – m = 4|m ÷ 4 = 12,elementary_mathematics,3
مساوات x + 71 = −22 کو حل کریں۔,−93|−49|49|93,elementary_mathematics,0
کون سا الجبری ایکسپریشن x سے 22 کم مقدار کی چار گنا نمائندگی کرتا ہے؟,4(x – 22)|(4 • 22) – ایکس|4(22 – x)|(x • 4) – 22,elementary_mathematics,0
"شامل کریں۔ 46,911 + 653,092","699,903|700,003|913,203|1,122,202",elementary_mathematics,1
5 سے زیادہ 8 *m = 6 حل کریں۔,3 اور 5 اوور 9|3 اور 3 اوور 4|5 اور 1 اوور 3|9 اور 3 اوور 5,elementary_mathematics,3
کھیلوں کے سامان کی دکان ان لائن اسکیٹس پر 10% ڈسکاؤنٹ پیش کر رہی ہے جس کی قیمت عام طور پر $110.99 ہے۔ ٹیکس سمیت ڈسکاؤنٹ کے ساتھ ان لائن اسکیٹس کی قیمت کتنی ہوگی؟,$99.89|$99.99|$100.99|$109.88,elementary_mathematics,0
ایلس کے پاس 8 بالٹیاں ہیں۔ ہر بالٹی میں ٹینس بالز ہوتی ہیں۔ بالٹیوں میں کل 56 ٹینس بالز ہیں۔ کون سا نمبر کا جملہ ظاہر کرتا ہے کہ ہر بالٹی میں ٹینس بالز کی تعداد کیسے تلاش کی جائے؟,8 ÷ t = 56|8 × t = 56|t + 8 = 56|t ÷ 8 = 56,elementary_mathematics,1
محترمہ فشر نے اپنے طلباء کے آرٹ پروجیکٹ کے لیے درکار مارکروں کی کل تعداد معلوم کرنے کے لیے اظہار (6 × 8) × 12 استعمال کیا۔ کون سا اظہار مسز فشر کے استعمال کردہ کے برابر ہے؟,6 + (8 + 12)|6 + (8 × 12)|6 × (8 + 12)|6 × (8 × 12),elementary_mathematics,3
"ایک سائنس دان نے دو قسم کی وہیل کے ہجرت کے نمونوں کا مطالعہ کیا۔ ہمپ بیک وہیل نے 28 دنوں میں 2,240 میل کا سفر کیا۔ گرے وہیل نے 32 دنوں میں 2,368 میل کا فاصلہ طے کیا۔ اگر ہمپ بیک وہیل اسی رفتار سے 32 دن تک سفر کرتیں تو وہ گرے وہیل سے کتنے میل زیادہ سفر کرتی؟",128|192|280|408,elementary_mathematics,1
کون سا اظہار 8 x 6 دکھانے کا دوسرا طریقہ ہے؟,(24+4)+6|(2+4)x6|(2x4) + 6|(2x4)x6,elementary_mathematics,3
للی ایک بیگ میں کینڈی کے تمام ٹکڑوں کو دینے جا رہی ہے۔ وہ 5، 3، یا 2 لوگوں کو کینڈی کے برابر تعداد میں ٹکڑے دے سکتی ہے۔ للی کے تھیلے میں کینڈی کے کتنے ٹکڑے ہو سکتے ہیں؟,12|20|30|45,elementary_mathematics,2
حجم، V، کسی بھی کیوب کی طرف کی لمبائی، s، فارمولہ V = s^3 کا استعمال کرتے ہوئے تعین کیا جا سکتا ہے۔ 2.3 سینٹی میٹر کے کنارے کی لمبائی والے کیوب کا حجم، کیوبک سینٹی میٹر میں کیا ہے؟,5.29|6.9|8.027|12.167,elementary_mathematics,3
مارشل کلاس شروع ہونے سے پہلے اپنا انگریزی پیپر ٹائپ کرنا چاہتا ہے۔ اگر اس کے پاس ٹائپ کرنے کے لیے اب بھی 550 الفاظ باقی ہیں اور کلاس 25 منٹ میں شروع ہوتی ہے، تو مارشل کو وقت پر اپنا پیپر ختم کرنے کے لیے کم از کم کتنی جلدی ٹائپ کرنا چاہیے؟,20 الفاظ فی منٹ|21 الفاظ فی منٹ|22 الفاظ فی منٹ|25 الفاظ فی منٹ,elementary_mathematics,2
سوسن ہر 3 منٹ میں 1 صفحہ کی شرح سے ایک کتاب پڑھتی ہے۔ اگر اس کی پڑھنے کی شرح یکساں رہتی ہے، تو اس کے 18 صفحات پڑھنے کے منٹوں کی تعداد کا تعین کرنے کے لیے کون سا طریقہ استعمال کیا جا سکتا ہے؟,18 اور 3 شامل کریں۔|18 کو 3 سے تقسیم کریں۔|3 کو 18 سے ضرب دیں۔|18 سے 3 کو گھٹائیں۔,elementary_mathematics,2
پچھلے سال کارل نے کل 18 پائی بیک کیں۔ اس نے اپنے خاندان کے لیے 6 پائی اور اسکول کے 4 فنڈ جمع کرنے والوں میں سے ہر ایک کے لیے پی پائی بنائی۔ اسکول کے فنڈ جمع کرنے والوں میں سے ہر ایک کے لیے پائی، پی، کارل بیکڈ کی تعداد معلوم کرنے کے لیے کون سا نمبر کا جملہ استعمال کیا جا سکتا ہے؟,6 × p – 18 = 4|18 – 6 × p = 4|4+6 × p = 18|6+4 × p = 18,elementary_mathematics,3
ایک عدد کو قریب ترین سو تک گول کیا جاتا ہے۔ نتیجہ 500 ہے۔ کون سا نمبر قریب ترین سو تک پہنچنے سے پہلے نمبر نہیں ہو سکتا؟,458|463|547|559,elementary_mathematics,3
ایکسپریشن 14 + (−71) کی قدر تلاش کریں۔,−85|57|85|−57,elementary_mathematics,1
صحیح جواب تلاش کریں: 942/3,214|304|314|642,elementary_mathematics,2
13 اوور 4 = x 7 سے زیادہ حل کریں۔,22.75|23.25|24.25|ان میں سے کوئی نہیں,elementary_mathematics,0
نمبر 6، −1، 8، −3، −4 کو کم سے کم سے بڑے تک ترتیب دیں۔,6، −1، 8، −3، −4|−4، −3، −1، 6، 8|−1، −3، −4، 6، 8|−3، −4، 6، −1، 8,elementary_mathematics,1
مسٹر فلر اپنے مستطیل نما صحن کے گرد باڑ لگانا چاہتے ہیں۔ صحن کی چوڑائی 55 فٹ اور لمبائی 75 فٹ ہے۔ مسٹر فلر کو کتنے فٹ باڑ کی ضرورت ہے؟,"130|260|3,905|4,125",elementary_mathematics,1
کس پیمائش کو قریب ترین ہزار تک گول کیا جائے گا؟,گز میں فٹ بال کے میدان کی لمبائی|ایک پیشہ ور فٹ بال کھلاڑی کی اونچائی انچوں میں|پیشہ ورانہ فٹ بال کھیل میں لوگوں کی تعداد|ایک پیشہ ور فٹ بال کھلاڑی کا وزن پاؤنڈز میں,elementary_mathematics,2
شیلا کو ریاضی کے 20 مسائل حل کرنے کے لیے 5 منٹ کا وقت دیا گیا ہے۔ شیلا وقت پر ختم کرنے کے لیے کم از کم ریٹ کیا کام کر سکتی ہے؟,1 مسئلہ فی منٹ|2 مسائل فی منٹ|4 مسائل فی منٹ|5 مسائل فی منٹ,elementary_mathematics,2
پچھلے ہفتے کے آخر میں سنجے نے 3 ٹیلی ویژن شوز دیکھے جو ہر 30 منٹ کے تھے۔ اس نے ٹیلی ویژن پر 1 فلم بھی دیکھی جو 90 منٹ لمبی تھی۔ گزشتہ ہفتے کے آخر میں سنجے نے کتنے منٹوں میں ٹیلی ویژن دیکھا؟,100|120|150|180,elementary_mathematics,3
نئی سائیکل کی اصل قیمت $138.00 ہے۔ اگر سائیکل کی قیمت 15 فیصد کم ہے تو نئی قیمت کیا ہے؟,$20.70|$117.30|$123.00|$153.00,elementary_mathematics,1
لوسی 2 سیکنڈ تک گن رہی ہے۔ وہ نمبر 2 سے شروع ہوتی ہے اور 50 نمبر پر رک جاتی ہے۔ لوسی کس نمبر کو شمار نہیں کرے گی؟,11|22|34|48,elementary_mathematics,0
"کون سے دو نمبر دونوں کو 1,500 تک گول کیا جاتا ہے جب قریب ترین سو پر گول کیا جاتا ہے؟","1,399 اور 1,599|1,449 اور 1,549|1,457 اور 1,547|1,489 اور 1,589",elementary_mathematics,2
درست جواب تلاش کریں: 800 - 301,599|500|499|401,elementary_mathematics,2
گیری کے پاس اپنے فارم میں 72 گائیں ہیں۔ اس کے پاس گھوڑوں سے 6 گنا زیادہ گائیں ہیں۔ نیچے دیے گئے نمبر کے جملے کو گھوڑوں کی تعداد معلوم کرنے کے لیے استعمال کیا جا سکتا ہے، h، اس کے پاس۔ 72 ÷ h = 6 گیری کے پاس کتنے گھوڑے ہیں؟,12 گھوڑے|66 گھوڑے|78 گھوڑے|432 گھوڑے,elementary_mathematics,0
سیلز کے نائب صدر ایک کلائنٹ کو لنچ پر لے گئے۔ اگر دوپہر کا کھانا $44 تھا اور اس نے 20% ٹپ دی، تو اس نے دوپہر کے کھانے پر کتنے پیسے خرچ کیے؟,$8.80|$35.20|$52.80|$53.80,elementary_mathematics,2
مساوات v − 26 = 68 کو حل کریں۔,−42|42|94|88,elementary_mathematics,2
"ایک اخباری کمپنی نے ایک دن میں 179,912 اخبارات فروخت کیے۔ لفظی شکل میں لکھے جانے والے اخبارات کی یہ تعداد کیا ہے؟",ایک لاکھ اناسی ہزار بارہ|ایک سو اناسی نو سو بارہ|ایک لاکھ ستر ہزار نو سو بارہ|ایک لاکھ اناسی ہزار نو سو بارہ,elementary_mathematics,3
ایک ٹینک مثلثی پرزم کی شکل میں ہوتا ہے۔ اگر سہ رخی بنیاد کا رقبہ 116 مربع فٹ ہے، اور ٹینک 30 فٹ اونچا ہے، تو جب ٹینک بھر جائے گا تو اس میں کتنا پانی ہوگا؟,1725 فٹ^3|1740 فٹ^3|3480 فٹ^3|6960 فٹ^3,elementary_mathematics,2
"ایک استاد ذیل میں درج فولڈر خریدتا ہے۔
* ہر باکس میں 36 فولڈرز کے ساتھ سرخ فولڈرز کے 5 بکس
* ہر باکس میں 32 فولڈرز کے ساتھ نیلے فولڈرز کے 6 بکس
استاد کے خریدے ہوئے سرخ اور نیلے فولڈرز کی کل تعداد کے قریب کون سا نمبر ہے؟",275|380|440|550,elementary_mathematics,1
نمبروں کی کون سی فہرست کم سے کم سے بڑے تک ترتیب دی گئی ہے؟,"167,213, 161,455, 17,400, 11,633|10,354, 10,600, 104,321, 106,213|160,233, 171,141, 11,645, 16,703|12,209, 12,902, 125,466, 125,464",elementary_mathematics,1
ایک بیگ میں 10 سرخ چپس اور 5 نیلے چپس ہیں۔ اگر آپ بیگ میں پہنچیں اور بغیر دیکھے اسے چن لیں تو نیلی چپ لینے کے کیا امکانات ہیں؟,5 میں سے 1|15 میں سے 2|10 میں سے 5|15 میں سے 5,elementary_mathematics,3
11.7 + 3.4 + 6.3 کا مجموعہ تلاش کرنے کے لیے ذہنی ریاضی کا استعمال کریں۔,20.3|20.4|21.4|22.4,elementary_mathematics,2
1 اوور 6 + 1 اوور 8 تلاش کریں۔,7 سے زیادہ 24|2 سے زیادہ 14|1 سے زیادہ 7|1 سے زیادہ 4,elementary_mathematics,0
امریکی جھنڈا عام طور پر اس کی چوڑائی اور لمبائی کے ساتھ 10 سے 19 کے تناسب میں بنایا جاتا ہے۔ جھنڈے کے لیے کون سی ڈائمینشنز درست تناسب میں ہیں؟,30 فٹ x 53 فٹ|27 فٹ ضرب 53 فٹ|27 انچ 57 انچ|30 انچ 57 انچ,elementary_mathematics,3
"سٹیفنی نے لاس اینجلس سے نیویارک شہر تک 2,448 میل کا فاصلہ طے کیا۔ سٹیفنی نے قریب ترین ہزار تک کتنے میل کا فاصلہ طے کیا؟","2,000|2,400|2,500|3,000",elementary_mathematics,0
کس صورت حال کو اظہار 6 x 2 سے ظاہر کیا جا سکتا ہے؟,روکو نے دو دن تک ہر روز چھ میل کا فاصلہ طے کیا۔|روکو کے پاس چھ بیس بال تھے اور انہوں نے ان میں سے دو کو دے دیا۔|روکو کے پاس دو کین میں کل چھ ٹینس گیندیں تھیں۔|روکو نے چھ میل بائیک چلائی اور پھر دو میل مزید چلتی رہی۔,elementary_mathematics,0
4.95 کو مخلوط نمبر یا کسر کے طور پر آسان ترین شکل میں لکھیں۔,4 اور 19 سے زائد 20|4 اور 19 100 سے زیادہ|4 اور 1 اوور 20|419 1000 سے زیادہ,elementary_mathematics,0
رون کے باغ میں 42 پودے ہیں۔ ہر قطار میں 7 پودے ہوتے ہیں۔ رون کے باغ میں قطاروں کی تعداد معلوم کرنے کے لیے کون سا اظہار استعمال کیا جا سکتا ہے؟,42 ÷ 7|42 - 7|42 + 7|42 × 7,elementary_mathematics,0
جب ایک مخصوص تعداد کو 4 سے تقسیم کیا جاتا ہے، تو جواب 160 ہوتا ہے اور بقیہ 2۔ نمبر کیا ہے؟,38|42|638|642,elementary_mathematics,3
0.3 × 427 کیا ہے؟,0.1281|1.281|12.81|128.1,elementary_mathematics,3
"1,248/7 کا حصہ کیا ہے؟",177 باقی 9|168 باقی 2|178 باقی 2|178 باقی 3,elementary_mathematics,2
11 • 11 • 11 • 11 • 11 • 11 • 11 • 11 ایکسپوننٹ استعمال کرتے ہوئے لکھیں۔,11 • 8|88^3|8^11|11^8,elementary_mathematics,3
ایک استاد کرافٹ پیپر کے 5 پیکجوں کو کابینہ میں رکھتا ہے۔ ہر پیکج میں کاغذ کی 80 شیٹس ہوتی ہیں۔ کرافٹ پیپر کی کل تعداد کتنی ہے جو استاد کابینہ میں ڈالتا ہے؟,40|85|400|450,elementary_mathematics,2
عمارت کی ہر منزل 14.3 فٹ لمبی ہے۔ اگر عمارت کی اونچائی 185.9 فٹ ہے تو عمارت کی کتنی منزلیں ہیں؟,10|13|17|9,elementary_mathematics,1
نمبروں کی فہرست استعمال کریں: 22، 25، 14، 11، 23، 27، 46۔ موڈ کیا ہے؟,23|24|35|کوئی موڈ نہیں۔,elementary_mathematics,3
"1,224/9 کا حصہ کیا ہے؟","135|136|1,215|1,360",elementary_mathematics,1
ذیل میں اظہار کا کون سا جوڑا برابر ہے؟,7(2x) اور 9x|3x + 5x اور 15x|4 (2x - 6) اور 8x - 24|x+x+x+x اور x^4,elementary_mathematics,2
ہفتے کے آغاز میں کمپنی XYZ کے حصص کی قیمت $24.75 تھی۔ اگلے پانچ دنوں میں، پیر کو اسٹاک میں $2.50 کا اضافہ ہوا، منگل کو $3.25 کی کمی، بدھ کو $0.75 کی کمی، جمعرات کو $1.25 کا اضافہ، اور جمعہ کو $4.75 کا اضافہ ہوا۔ جمعہ کے آخر میں اسٹاک کے شیئر کی قیمت کیا تھی؟,$12.25|$25.75|$29.25|$37.25,elementary_mathematics,2
وہ نمبر تلاش کریں جو بیان 2 کو 9 سے زیادہ = 14 اوور بناتا ہے؟ سچ,14|16|15|63,elementary_mathematics,3
گولف کورس میں مشق کی حد 40 گولف بالوں کی بالٹی کے لیے $4.00 چارج کرتی ہے۔ اس شرح پر، 100 گولف بالز کی ایک بالٹی کی قیمت کتنی ہوگی؟,$10.00|$10.50|$13.50|$16.00,elementary_mathematics,0
96 رنرز اور 216 تیراکوں کا تناسب آسان ترین شکل میں لکھیں۔,216 سے زیادہ 96|16 سے زیادہ 36|4 سے زیادہ 9|9 سے زیادہ 4,elementary_mathematics,2
ایک فیلڈ ٹراپیزائڈ کی شکل میں ہے۔ ٹریپیزائڈ کی چھوٹی بنیاد 130 گز لمبی ہے اور لمبی بنیاد 390 گز لمبی ہے۔ دونوں اڈوں کے درمیان فاصلہ 75 گز ہے۔ میدان کا رقبہ کیا ہے؟,"9,750 گز^2|19,500 گز^2|29,250 گز^2|39,000 گز^2",elementary_mathematics,1
3 + p = 15 میں p کیا برابر ہے؟,3|5|12|18,elementary_mathematics,2
رویا نے سنتری کے جوس کے 12 کارٹن کے لیے $48 ادا کیا۔ اورنج جوس کا فی کارٹن یونٹ ریٹ کیا ہے جو رویا نے ادا کیا؟,$3|$4|$6|$12,elementary_mathematics,1
شودی نے اپنے ویڈیو گیم کے پہلے درجے میں 389 پوائنٹس حاصل کیے۔ اس نے بونس راؤنڈ میں اضافی 116 پوائنٹس حاصل کیے۔ شودی نے اپنے ویڈیو گیم کے پہلے لیول اور بونس راؤنڈ میں مجموعی طور پر کتنے پوائنٹس حاصل کیے؟,"405|495|505|4,915",elementary_mathematics,2
مولی نے $25 میں بال کٹوائے اور اس نے 15% ٹپ چھوڑ دی۔ مولی کی آخری قیمت کیا تھی؟,$25.15|$26.50|$27.50|$28.75,elementary_mathematics,3
ایک سکول ڈسٹرکٹ تعلیمی سال میں دنوں کی تعداد میں 5% اضافے کی تجویز کر رہا ہے۔ فی الحال تعلیمی سال میں 180 دن ہوتے ہیں۔ مجوزہ اضافے کے ساتھ تعلیمی سال کتنا طویل ہوگا؟,181 دن|183 دن|185 دن|189 دن,elementary_mathematics,3
کون سا اظہار 5(6x + 3y) کے برابر ہے؟,11x + 3y|11x + 8y|30x + 3y|30x + 15 سال,elementary_mathematics,3
دانی کے پاس 45 ماربل ہیں۔ اس کے پاس جو کے مقابلے 5 گنا زیادہ سنگ مرمر ہیں۔ جو کے پاس کتنے سنگ مرمر ہیں؟,50|40|9|5,elementary_mathematics,2
مسز کنی نے طلباء کے سائنس کے تجربات کے لیے 4 کے پیک میں بیٹریاں خریدیں۔ ان میں سے کون سی بیٹریوں کی کل تعداد ہو سکتی ہے جو اس نے خریدی ہیں؟,22|26|28|30,elementary_mathematics,2
836 کو قریب ترین 10 پر گول کیا ہے؟,800|830|840|870,elementary_mathematics,2
ایک زاویہ کی پیمائش کیا ہے جو ایک مکمل دائرے کے 3/4 سے گزرتا ہے؟,34°|43°|75°|270°,elementary_mathematics,3
ایک اسٹور میں 8 فش ٹینک ہیں جن میں سے ہر ایک میں 40 لیٹر پانی ہوتا ہے۔ مچھلی کے تمام ٹینکوں میں پانی کی کل تعداد کتنی ہے؟,5|48|280|320,elementary_mathematics,3
"زمین پر سب سے کم نقطہ ماریانا ٹرینچ کا نچلا حصہ ہے جو سطح سمندر سے 35,840 فٹ کی گہرائی میں ہے۔ زمین پر سب سے اونچا مقام ماؤنٹ ایورسٹ کی چوٹی ہے جو سطح سمندر سے 29,028 فٹ کی بلندی پر ہے۔ مندرجہ ذیل میں سے کون سا زمین پر سب سے کم اور بلند ترین پوائنٹس کے درمیان فاصلے کا بہترین تخمینہ ہے؟","6,000 فٹ|7,000 فٹ|64,000 فٹ|65,000 فٹ",elementary_mathematics,3
آپ نے اپنے کتے کو صبح 7 سے زیادہ 9 میل اور دوپہر میں 5 سے زیادہ 12 میل چلایا۔ آپ نے اپنے کتے کو صبح کے وقت دوپہر کے مقابلے میں کتنا دور چلایا؟,13 سے زیادہ 36|12 سے زیادہ 21|2 سے زیادہ 3|108 سے زیادہ 35,elementary_mathematics,0
0.07 • 5.8 کی مصنوع تلاش کریں۔,0.406|0.0406|4.06|40.6,elementary_mathematics,0
مسٹر پالسن کی کلاس میں اور محترمہ ہیوگو کی کلاس میں طلباء نے دوپہر کے کھانے میں کیا کھایا اس کے بارے میں معلومات ذیل میں درج ہیں۔ مسٹر پالسن کی کلاس میں، 0.5 طلباء نے دوپہر کے کھانے میں پیزا کھایا۔ محترمہ ہیوگو کی کلاس میں، 0.5 طلباء نے دوپہر کے کھانے میں ہیمبرگر کھائے۔ مسٹر پالسن کی کلاس کے 0.5 کا درست طریقے سے موازنہ کرنے کے لیے کس معلومات کی ضرورت ہے جس نے پیزا کھائی تھی محترمہ ہیوگو کی کلاس کے 0.5 سے جو ہیمبرگر کھاتے تھے؟,چاہے دوپہر کا کھانا ایک ہی دن کھایا گیا ہو۔|ہر استاد کی کلاس میں طلباء کی کل تعداد|کچھ نہیں کیونکہ ہر کلاس نے جو حصہ کھایا وہ ایک جیسا تھا۔|اس دن کھائے گئے پیزا سلائسس اور ہیمبرگر کی کل تعداد,elementary_mathematics,1
جین نے 9 فٹ کے فاصلے پر ایک سافٹ بال پھینکا۔ لی نے ایک سافٹ بال 3 بار جین تک پھینکا۔ فاصلے کا تعین کرنے کے لیے کون سی مساوات استعمال کی جا سکتی ہے، d، کہ لی نے گیند پھینکی؟,dx3=9|d+3=9|3+9=d|3x9=d,elementary_mathematics,3
قریب ترین دسویں سے 27.94 + 15.35 کی رقم کا تخمینہ لگانے کے لیے راؤنڈنگ کا استعمال کریں۔,43.2|43.3|43.4|43.29,elementary_mathematics,1
کون سا قول درست ہے؟,تمام مسدس مثلث ہیں کیونکہ ان کے کم از کم 3 اطراف ہوتے ہیں۔|تمام آکٹگنز کثیر الاضلاع ہیں کیونکہ ان کے کم از کم 3 اطراف ہوتے ہیں۔|تمام متوازی خطوط مستطیل ہیں کیونکہ ان کے متوازی اطراف کے 2 سیٹ ہیں۔|تمام رومبی مربع ہیں کیونکہ ان کے 4 اطراف ہیں جو ایک ہی لمبائی کے ہیں۔,elementary_mathematics,1
کونر جار کی صلاحیت کی پیمائش کر رہا ہے۔ وہ پیمائش کی کون سی اکائی استعمال کر سکتا ہے؟,سینٹی میٹر|کپ|چنا|پاؤنڈ,elementary_mathematics,1
سرکس کے واقعات میں سے ایک گیبریلا، ہیومن کینن بال تھا۔ ہفتہ کو اس نے چار شوز کئے۔ اس کے فاصلے 7.04 میٹر، 18.81 میٹر، 18.39 میٹر، اور 19.94 میٹر تھے۔ اس دن گیبریلا نے کتنی دوری طے کی تھی؟,64.18 میٹر|74.18 میٹر|57.14 میٹر|59.24 میٹر,elementary_mathematics,0
رولینڈو کی الماری میں سوپ کے کین میں سے 1/2 ٹماٹر اور 2/5 چکن نوڈل ہیں۔ رولینڈو کی الماری میں سوپ کے کین کا کون سا حصہ یا تو ٹماٹر ہے یا چکن نوڈل؟,7 مارچ|5 مارچ|10 جولائی|10-ستمبر,elementary_mathematics,3
کون سے نمبر کم سے کم سے بڑے تک ترتیب میں ہیں؟,1 اوور 8، 0.75، 1 اوور 3، 5 اوور 6|5 اوور 6، 1 اوور 3، 0.75، 1 اوور 8|1 اوور 8، 1 اوور 3، 0.75، 5 اوور 6|5 اوور 6، 0.75، 1 اوور 3، 1 اوور 8,elementary_mathematics,2
مساوات 6.73 = z کو 7.74 پر حل کریں۔ اپنا جواب چیک کریں۔,52.0902|1.0112|−1.0102|51.5902,elementary_mathematics,0
کون سا قول غلط ہے؟,3 <5|5 > 3|−5 > −3|−3 > −5,elementary_mathematics,2
"ایک دفتری عمارت میں 300,000 + 5,000 + 600 + 10 مربع فٹ فرش کی جگہ ہوتی ہے۔ معیاری شکل میں فرش کی جگہ کے مربع فٹ کی تعداد کتنی ہے؟","30,561|35,610|300,561|305,610",elementary_mathematics,3
تناسب کا کون سا جوڑا تناسب نہیں بنا سکتا؟,4 اوور 5 اور 24 اوور 30|4 اوور 5 اور 20 اوور 25|36 اوور 45 اور 4 اوور 5|4 اوور 5 اور 20 اوور 30,elementary_mathematics,3
اظہار −25 − (−11) کی قدر تلاش کریں۔,−36|−14|14|36,elementary_mathematics,2
100 کا تین پانچواں کیا ہے؟,3|5|20|60,elementary_mathematics,3
ایک بلیٹن بورڈ کو کاغذ کے 30 مربع ٹکڑوں سے بغیر کسی خلا یا اوورلیپ کے مکمل طور پر ڈھانپ سکتا ہے۔ اگر کاغذ کے ہر ٹکڑے کی سائیڈ کی لمبائی 1 فٹ ہے، تو بلیٹن بورڈ کا کل رقبہ کیا ہے؟,1 فٹ|30 فٹ|1 مربع فٹ|30 مربع فٹ,elementary_mathematics,3
"طلباء کا ایک گروپ اپنے اسکول کے ارد گرد کے علاقے کا نقشہ بناتا ہے۔ وہ اسکول کو (0, 0) پر رکھتے ہیں۔ قریب ترین اسٹور پوائنٹ (–5, 7) پر رکھا گیا ہے۔ کس کواڈرینٹ میں نقطہ قریب ترین اسٹور کی نمائندگی کرتا ہے؟",کواڈرینٹ I|کواڈرینٹ II|کواڈرینٹ III|کواڈرینٹ IV,elementary_mathematics,1
دروازے کے لیے مناسب اونچائی کیا ہے؟,2 کلومیٹر|2 سینٹی میٹر|2 میٹر|2 ملی میٹر,elementary_mathematics,2
بہترین خرید کون سی ہے؟,جوس کی 3 بوتلیں $6.72 میں|جوس کی 11 بوتلیں $24.86 میں|جوس کی 9 بوتلیں $20.25 میں|جوس کی 16 بوتلیں $35.68 میں,elementary_mathematics,3
کمپیوٹ 52 + 6 * 2۔,116|64|62|118,elementary_mathematics,1
"ڈیٹا کے سیٹ میں میڈین تلاش کریں $79.88, $21.88, $29.88, $19.88, $17.88۔",$17.88|$19.88|$21.88|$29.88,elementary_mathematics,2
کون سا اظہار 9 (9m + 3t) کے برابر ہے؟,18m + 3t|81m+3t|18m + 12t|81m + 27t,elementary_mathematics,3
وہ نمبر تلاش کریں جو بیان کو 18 سے زیادہ 12 بناتا ہے =؟ 9 سے زیادہ سچ۔,4|6|8|12,elementary_mathematics,0
مسٹر جونز 1، 2، 3، 4، 5، 6 نمبر والے چھ رخی کیوب کو رول کرتے ہیں۔ وہ تین کو رول کرنے کا کیا امکان ہے؟,6-جنوری|5-جنوری|3-جنوری|2-جنوری,elementary_mathematics,0
غبارے 8 کے پیکجوں میں آتے ہیں۔ اگر آپ کو 42 غباروں کی ضرورت ہے، تو آپ کو کتنے پیکج خریدنے چاہئیں؟,5|6|8|42,elementary_mathematics,1
کیلی نے ایک پراسرار نمبر کا انتخاب کیا۔ اس کا اسرار نمبر 38 کا فیکٹر ہے۔ کیلی کا اسرار نمبر کون سا ہو سکتا ہے؟,2|3|4|8,elementary_mathematics,0
ریٹا پتھر کی دیوار بنانے کے لیے 120 پتھروں کے ڈھیر کو ہاتھ سے منتقل کر رہی ہے۔ اگر h پتھروں کی تعداد کی نمائندگی کرتا ہے جسے وہ ایک بوجھ میں لے جا سکتی ہے، تو کون سا اظہار پتھروں کے پورے ڈھیر کو منتقل کرنے کے لیے درکار بوجھ کی کل تعداد کو ظاہر کرتا ہے؟,120 + گھنٹہ|120ھ|120 −h|120/h,elementary_mathematics,3
طلباء کے ایک گروپ نے اسکول کے بعد باسکٹ بال کا کھیل کھیلا۔ ایکسپریشن 7 x 2 کا استعمال کرتے ہوئے کون سا کل پایا جا سکتا ہے؟,پوائنٹس کی کل تعداد اگر کسی کھلاڑی نے 7 شاٹس بنائے اور ہر شاٹ کی قیمت 2 پوائنٹس تھی۔|باسکٹ بالز کی کل تعداد اگر 7 باسکٹ بالز پرانے اور 2 باسکٹ بال نئے تھے|پوائنٹس کی کل تعداد اگر ایک کھلاڑی کے 7 پوائنٹس ہوں اور دوسرے کھلاڑی کے 2 پوائنٹس ہوں۔|باسکٹ بالوں کی کل تعداد اگر 7 باسکٹ بال ہوں اور 2 باسکٹ بال استعمال نہ کیے گئے ہوں,elementary_mathematics,0
ہر بار جب رامی نے ڈائل کو مشین پر کیا، ڈائل 1 ڈگری بڑھ گیا۔ رامی نے 10 بار ڈائل گھمایا۔ ڈائل منتقل ہونے والی ڈگریوں کی کل تعداد کتنی ہے؟,10|90|110|360,elementary_mathematics,0
"ایک عدد، قریب ترین ہزار تک، 47,000 ہے۔ کون سا نمبر وہ نمبر ہو سکتا ہے جسے گول کیا گیا تھا؟","46,295|46,504|47,520|47,924",elementary_mathematics,1
ایک سرکلر درخت کے تنے کا قطر 8 فٹ ہوتا ہے۔ درخت کے تنے کے ارد گرد پاؤں میں فاصلہ معلوم کرنے کے لیے کون سی مساوات استعمال کی جا سکتی ہے؟,C = 4π|C = 8π|C = 16π|C = 64π,elementary_mathematics,1
سیم نے 18 ڈاک ٹکٹوں کے لیے $8.28 ادا کیا۔ اس شرح پر، سام سنگ کو 12 ڈاک ٹکٹ خریدنے میں کتنا خرچ آئے گا؟,$2.19|$2.28|$3.72|$5.52,elementary_mathematics,3
"مندرجہ ذیل میں سے کون سا نمبر 2,329,500 اور 2,598,100 کے درمیان ہے؟","2,249,550|2,589,200|2,329,333|2,327,900",elementary_mathematics,1
نیلم گریجویشن پارٹی کے لیے غباروں کے گلدستے بنا رہی ہے۔ اس کے پاس 179 غبارے ہیں اور اسے ہر گلدستے میں 7 غبارے ڈالنے کی ضرورت ہے۔ نیلم کتنے گلدستے بنا سکتا ہے؟,32 گلدستے|23 گلدستے|25 گلدستے|26 گلدستے,elementary_mathematics,2
کین اور ٹامی ہار بنا رہے ہیں۔ کین 25 ہار بناتا ہے۔ تامی مجھے کین سے زیادہ ہار بناتی ہے۔ کون سا اظہار کین اور تامی کے بنائے گئے ہاروں کی کل تعداد کو ظاہر کرتا ہے؟,25 + (25+ میٹر)|25 + 25m|25 + میٹر|25m,elementary_mathematics,0
کون سا قول درست ہے؟,5 x 2 کی پیداوار یکساں ہے کیونکہ دونوں عوامل برابر ہیں۔|4 x 4 کی پیداوار طاق ہے کیونکہ دونوں عوامل برابر ہیں۔|2x 7 کی پیداوار یکساں ہے کیونکہ دونوں عوامل طاق ہیں۔|5 x 3 کی پیداوار طاق ہے کیونکہ دونوں عوامل طاق ہیں۔,elementary_mathematics,3
کون سی مساوات نمبر سے 36 کم کی نمائندگی کرتی ہے، y، 13 کے برابر ہے؟,y - 36 = 13|36 - y = 13|13 - y = 36|36 + y = –13,elementary_mathematics,0
5^3 کو آسان بنائیں۔ کیلکولیٹر، کاغذ اور پنسل، یا ذہنی ریاضی کا استعمال کریں۔,15|125|8|53,elementary_mathematics,1
اجلاس کے لیے کرسیوں کی 6 قطاریں لگائی گئی تھیں۔ ہر قطار میں 8 کرسیاں تھیں۔ اجلاس کے لیے قائم کرسیوں کی کل تعداد کتنی تھی؟,14|36|48|64,elementary_mathematics,2
"رضاکاروں کی ایک ٹیم نے ایک چیریٹی کنسرٹ میں ٹی شرٹس فروخت کرکے کل $5,144 جمع کیے۔ ہر ٹی شرٹ $8 میں فروخت ہوئی تھی۔ رضاکاروں کی فروخت کردہ ٹی شرٹس کی کل تعداد کتنی تھی؟",632|643|655|668,elementary_mathematics,1
ایک شادی میں 190 مہمان ہوتے ہیں۔ تمام مہمانوں کو بٹھانے کے لیے کم سے کم گول میزوں کی کتنی تعداد درکار ہے اگر ہر میز میں بالکل 8 افراد بیٹھیں؟,22|23|24|25,elementary_mathematics,2
لوسی گفٹ ٹوکریاں بنا رہی ہے۔ وہ ہر تحفے کی ٹوکری میں 3 سیب رکھتی ہے۔ کس نمبر کے جملے سے معلوم ہوتا ہے کہ گفٹ ٹوکریوں کی کل تعداد کیسے تلاش کی جائے، ب، لوسی 24 سیبوں سے بنا سکتی ہے؟,24 + 3 = ب|3 + b = 24|24 ÷ b = 3|3 × 24 = ب,elementary_mathematics,2
8y = 56 حل کرنے کے لیے ذہنی ریاضی کا استعمال کریں۔,6|7|8|9,elementary_mathematics,1
ایکسپریشن 28 x 42 کی قدر کیا ہے؟,"420|816|1,166|1,176",elementary_mathematics,3
سائمن نے فروٹ سلاد بنانے کے لیے 3 ناشپاتی اور 9 سیب کا استعمال کیا۔ فروٹ سلاد میں ناشپاتی کی تعداد اور سیب کی تعداد کا تناسب کیا تھا؟,1:03|1:04|1:06|1:09,elementary_mathematics,0
تلاش کریں 3 سے زیادہ 4 − 1 سے زیادہ 8۔,21 سے زیادہ 32|1|5 سے زیادہ 8|11 سے زیادہ 16,elementary_mathematics,2
کون سا حصہ 3 کتوں سے 5 کتوں کے تناسب کو ظاہر کرتا ہے؟,5 سے زیادہ 3|3 سے زیادہ 8|2 سے زیادہ 5|3 سے زیادہ 5,elementary_mathematics,3
مساوات 18 + p = 29 کو حل کریں۔,−47|−11|11|47,elementary_mathematics,2
کون سا جملہ 2m+7 کی تفصیل ہے؟,7 سے زیادہ 2 بار ایم|2 سے زیادہ 7 بار ایم|7 اور m کے مجموعے کا 2 گنا|2 اور m کے مجموعے کا 7 گنا,elementary_mathematics,0
"ایک طالب علم کے پاس 3 پہیلیاں ہیں۔ ہر پہیلی میں 1,250 ٹکڑے ہوتے ہیں۔ پہیلیاں میں ٹکڑوں کی کل تعداد کتنی ہے؟","3,650|3,750|4,650|4,750",elementary_mathematics,1
کون سا حصہ 2 سے زیادہ 5 سے زیادہ ہے؟,1 سے زیادہ 5|1 سے زیادہ 10|4 سے زیادہ 10|5 سے زیادہ 10,elementary_mathematics,3
پچھلے ہفتے، پال نے 5 دن تک ہر روز 2 کوکیز کھائیں۔ اس ہفتے، اس نے 4 دن تک ہر روز 2 کوکیز کھائیں۔ ان دو ہفتوں میں پال نے کھائی ہوئی کوکیز کی کل تعداد کی نمائندگی کرنے کے لیے کون سا اظہار استعمال کیا جا سکتا ہے؟,2x (5x4)|2x (5+4)|(2x5)x (2x4)|(2+5)x(2+4),elementary_mathematics,1
درست جواب تلاش کریں: 365 + 56,300|309|311|421,elementary_mathematics,1
کیٹ کے پاس سکے کا مجموعہ ہے۔ وہ 7 سکے ایک باکس میں رکھتی ہے، جو اس کے پورے مجموعہ کا صرف 5% ہے۔ کیٹ کے سکوں کے مجموعہ میں سکوں کی کل تعداد کتنی ہے؟,12|14|120|140,elementary_mathematics,3
ڈانس ٹیم میں 72 طلباء ہیں، اور 4 سے زائد 9 ٹیپ اسباق لیتے ہیں۔ کتنے طلباء ٹیپ اسباق لیتے ہیں؟,32|49|63|68,elementary_mathematics,0
"1000 رجسٹرڈ ووٹرز کے سروے سے یہ بات سامنے آئی ہے کہ 450 لوگ آئندہ انتخابات میں امیدوار A کو ووٹ دیں گے۔ اگر 220,000 لوگ الیکشن میں ووٹ دیتے ہیں، تو سروے کرنے والوں کے مطابق امیدوار A کو کتنے ووٹ ملیں گے؟","44,500|48,900|95,000|99,000",elementary_mathematics,3
ڈیٹا 13، 35، 26، 8، 24، 10، 22، 10، 32 کے سیٹ کا میڈین تلاش کریں۔,23|20|22|27,elementary_mathematics,2
پیٹر 25 لوگوں کے گروپ میں ہے۔ تمام 25 افراد کشتیوں میں مچھلیاں پکڑنے گئے تھے۔ ہر کشتی میں 5 افراد سوار تھے۔ پطرس گروپ کی جانب سے استعمال کی جانے والی کشتیوں کی تعداد کیسے معلوم کر سکتا ہے؟,5 سے 25 کا اضافہ کریں۔|25 کو 5 سے تقسیم کریں۔|25 کو 5 سے ضرب دیں۔|5 کو 25 سے گھٹائیں۔,elementary_mathematics,1
مندرجہ ذیل دلیل کے نتیجے کی نشاندہی کریں۔ ہمارے ساتھیوں میں ان جذبات کی وجہ سے کمزور ذہانت کی تصدیق نہ کرنا مشکل ہے جو ہم اپنے روزمرہ کے مریضوں میں دیکھتے ہیں۔ ہمارے شعور کا تکبر، جو عام طور پر مضبوط ترین دفاعی میکانزم سے تعلق رکھتا ہے، لاشعور کے احاطے کو روکتا ہے۔ اس کی وجہ سے، لاشعور کے لوگوں کو قائل کرنا مشکل ہے، اور بدلے میں انہیں وہ سکھانا ہے جو ان کے شعوری علم سے متصادم ہے۔ (سگمنڈ فرائیڈ، نفسیاتی تجزیہ کی ابتدا اور ترقی),ہمارے ساتھیوں میں ان جذبات کی وجہ سے کمزور ذہانت کی تصدیق نہ کرنا مشکل ہے جو ہم اپنے روزمرہ کے مریضوں میں دیکھتے ہیں۔|ہمارے شعور کا تکبر، جو عام طور پر مضبوط ترین دفاعی میکانزم سے تعلق رکھتا ہے، لاشعور کے احاطے کو روکتا ہے۔|اس کی وجہ سے، لاشعور کے لوگوں کو قائل کرنا مشکل ہے، اور بدلے میں انہیں وہ سکھانا ہے جو ان کے شعوری علم سے متصادم ہے۔|لاشعور کے لوگوں کو قائل کرنا مشکل ہے، اور بدلے میں انہیں وہ سکھانا ہے جو ان کے شعوری علم سے متصادم ہے۔,formal_logic,3
predicate logic میں بہترین ترجمہ منتخب کریں۔ ڈیوڈ کرس کو سکھاتا ہے۔ (c: Chris؛ d: David؛ Txy: x سکھاتا ہے y),ٹی ڈی سی|ٹی سی ڈی|ٹی سی سی|ڈی ٹی سی,formal_logic,0
درج ذیل ترجمے کی کلید کا استعمال کرتے ہوئے، دی گئی تجویز کی بہترین انگریزی تشریح منتخب کریں: Ax: x ایک اپارٹمنٹ ہے Hx: x ایک گھر Lx ہے: x بڑا Bxy: x y (∃x) سے بڑا ہے[(Ax • Lx) • (∃y)(Hy • Bxy)],کچھ بڑے گھر کچھ اپارٹمنٹس سے بڑے ہوتے ہیں۔|کچھ گھر تمام بڑے اپارٹمنٹس سے بڑے ہوتے ہیں۔|کچھ بڑے اپارٹمنٹس کچھ گھروں سے بڑے ہوتے ہیں۔|کچھ گھر کچھ بڑے اپارٹمنٹس سے بڑے ہوتے ہیں۔,formal_logic,2
"مندرجہ ذیل دلیل کے لیے ایک مکمل سچائی جدول بنائیں۔ پھر، سچائی کی میز کا استعمال کرتے ہوئے، اس بات کا تعین کریں کہ آیا دلیل درست ہے یا غلط۔ اگر استدلال غلط ہے تو ایک آپشن کا انتخاب کریں جو جوابی مثال پیش کرے۔ (اس کے علاوہ دیگر متضاد مثالیں بھی ہو سکتی ہیں۔)
~G ⊃ H
~H/G",درست|غلط جوابی مثال جب G اور H درست ہیں۔|غلط جوابی مثال جب G سچ ہے اور H غلط ہے۔|غلط جوابی مثال جب H سچ ہے اور G غلط ہے۔,formal_logic,0
"PL کے دیے گئے فارمولے کو قدرتی، انگریزی جملوں میں ترجمہ کرنے کے لیے درج ذیل کلید کا استعمال کریں۔
A: مرینا پرسی جیکسن کی کتاب پڑھتی ہے۔
B: Izzy Minecraft کھیلتا ہے۔
ج: ایملی کام کرنا چھوڑ دیتی ہے۔
D: رسل رات کا کھانا بناتا ہے۔
ای: ایشلی رک جاتی ہے۔
(~B • E) ⊃ D",اگر یہ معاملہ نہیں ہے کہ دونوں Izzy Minecraft کھیلتے ہیں اور Ashleigh رک جاتے ہیں تو رسل رات کا کھانا بناتا ہے۔|اگر یہ دونوں صورتیں نہیں ہیں کہ Izzy Minecraft کھیلتا ہے اور Ashleigh رک جاتا ہے تب رسل رات کا کھانا بناتا ہے۔|Izzy Minecraft کھیل رہا ہے اور Ashleigh کو روک کر رسل رات کا کھانا بناتا ہے۔|رسل کا رات کا کھانا بنانا Izzy کے لیے کافی شرط ہے کہ وہ Minecraft نہیں کھیل رہے اور Ashleigh اس کے ساتھ نہیں رہے۔,formal_logic,1
درج ذیل ترجمے کی کلید کا استعمال کرتے ہوئے، دی گئی تجویز کی بہترین انگریزی تشریح منتخب کریں: Ax: x ایک اپارٹمنٹ ہے Hx: x ایک مکان Lx ہے: x بڑا ہے Bxy: x y (∃x) سے بڑا ہے[Hx • (∀y )(Ay ⊃ Bxy)],کچھ گھر تمام اپارٹمنٹس سے چھوٹے ہوتے ہیں۔|ہر گھر ہر اپارٹمنٹ سے بڑا ہے۔|کچھ اپارٹمنٹ ہر گھر سے چھوٹا ہوتا ہے۔|کچھ گھر ہر اپارٹمنٹ سے بڑے ہوتے ہیں۔,formal_logic,3
"مندرجہ ذیل دلیل کے لیے ایک مکمل سچائی جدول بنائیں۔ پھر، سچائی کی میز کا استعمال کرتے ہوئے، اس بات کا تعین کریں کہ آیا دلیل درست ہے یا غلط۔ اگر استدلال غلط ہے تو ایک آپشن کا انتخاب کریں جو جوابی مثال پیش کرے۔ (اس کے علاوہ دیگر متضاد مثالیں بھی ہو سکتی ہیں۔)
~K ≡ L / (K · L) ∨ (K · ~L)",درست|غلط جوابی مثال جب K اور L سچے ہیں۔|غلط جوابی مثال جب K سچ ہے اور L غلط ہے۔|غلط جوابی مثال جب L سچ ہے اور K غلط ہے۔,formal_logic,3
مندرجہ ذیل مشروط تجویز کے سابقہ ​​کی نشاندہی کریں: اگر یونیورسٹی مالی امداد میں اضافہ نہیں کرتی ہے، یا تو صدر اسے منظور کرنے میں ناکام رہتے ہیں یا بورڈ آف ٹرسٹیز اسے روکتا ہے۔,یونیورسٹی مالی امداد میں اضافہ کرتی ہے۔|یونیورسٹی مالی امداد میں اضافہ نہیں کرتی ہے۔|بورڈ آف ٹرسٹیز اسے روکتا ہے۔|صدر اس کی منظوری دینے میں ناکام رہے۔,formal_logic,1
"درج ذیل میں سے کون سی تجویز دیے گئے احاطے کے PL میں فوری (ایک قدم) نتیجہ ہے؟
~E ⊃ ~F
جی ⊃ ایف
H ∨ ~E
H ⊃ I
~ میں",E ⊃ F|F ⊃ G|H ⊃ ~E|~ ایچ,formal_logic,3
"PL کا کون سا فارمولہ درج ذیل جملے کی بہترین علامت ہے؟
ہر کوئی ریمنڈ سے محبت کرتا ہے، یا نہیں؟",ایل|~L|L • ~L|L ∨ ~L,formal_logic,3
predicate logic میں بہترین ترجمہ منتخب کریں۔ تمام بادشاہ تمام غریبوں سے زیادہ خوش قسمت ہوتے ہیں۔ (Kx: x ایک بادشاہ ہے؛ Px: x ایک غریب ہے؛ Lxy: x y سے زیادہ خوش قسمت ہے),(∀x)[Kx ⊃ (∀y)(Py ⊃ Lxy)]|(∀x)[Kx ⊃ (∀y)(Lxy ⊃ Py)]|(∀x)(∀y)[(Kx • Py) ⊃ Lyx]|(∀x)[(Kx • (∀y)(Py)) ⊃ Lxy],formal_logic,0
"مندرجہ ذیل تجاویز کے جوڑے کے لیے ایک مکمل سچائی جدول بنائیں۔ پھر، سچائی جدولوں کا استعمال کرتے ہوئے، اس بات کا تعین کریں کہ آیا بیانات منطقی طور پر مساوی ہیں یا متضاد۔ اگر کوئی بھی نہیں ہے تو اس بات کا تعین کریں کہ آیا وہ مطابقت رکھتے ہیں یا متضاد۔ اپنے جوابات کا جواز پیش کریں۔
(~M ⊃ ~N) ∨ (O ≡ N) اور (~M · N) · [(~O ∨ ~N) · (O ∨ N)]",منطقی طور پر مساوی|متضاد|منطقی طور پر نہ تو مساوی اور نہ ہی متضاد، لیکن مستقل|متضاد,formal_logic,1
"درج ذیل میں سے کون سی تجویز دیے گئے احاطے کے PL میں فوری (ایک قدم) نتیجہ ہے؟
E ⊃ ~F
~F ⊃ G
~ جی",E ⊃ F|F ⊃ G|جی ⊃ ای|~~ ایف,formal_logic,3
"اس بات کا تعین کرنے کے لیے بالواسطہ سچائی میزیں استعمال کریں کہ آیا درج ذیل دلیل درست ہے۔ اگر استدلال غلط ہے تو ایک آپشن کا انتخاب کریں جو جوابی مثال پیش کرے۔ (اس کے علاوہ دیگر متضاد مثالیں بھی ہو سکتی ہیں۔)
E ⊃ (F ∨ ~G)
F ⊃ (~E ∨ ~G) / ~(E ≡ F)",درست|غلط جوابی مثال جب E، F، اور G درست ہیں۔|غلط جوابی مثال جب E اور F سچے ہیں اور G غلط ہے۔|غلط جوابی مثال جب E، F، اور G غلط ہیں۔,formal_logic,2
"اس بات کا تعین کرنے کے لیے بالواسطہ سچائی میزیں استعمال کریں کہ آیا درج ذیل دلیل درست ہے۔ اگر استدلال غلط ہے تو ایک آپشن کا انتخاب کریں جو جوابی مثال پیش کرے۔ (اس کے علاوہ دیگر متضاد مثالیں بھی ہو سکتی ہیں۔)
H ≡ (~I ∨ J)
H ∨ ~J / ~I",درست|غلط جوابی مثال جب H، I، اور J غلط ہیں۔|غلط جوابی مثال جب H اور I سچے ہیں اور J غلط ہے۔|غلط جوابی مثال جب میں سچ ہوں اور H اور J غلط ہوں۔,formal_logic,3
predicate logic میں بہترین ترجمہ منتخب کریں۔ کچھ فائر فائٹرز متاثرین کو خطرے سے بچاتے ہیں۔ (Dx: x خطرہ ہے؛ Fx: x ایک فائر فائٹر ہے؛ Vx: x ایک شکار ہے؛ Rxyz: x y کو z سے بچاتا ہے),(∃x){Fx • (∀y)[Dy ⊃ (∃z)(Vz • Rxyz)]}|(∃x){Fx • (∃y)[Vy • (∃z)(Dz • Rxyz)]}|(∃x){Fx • (∃y)(∃z)[(Vy • Dz) • Rxzy]}|(∀x){Fx ⊃ (∃y)[Vy. (∃z)(Dz • Rxyz)]},formal_logic,1
مندرجہ ذیل مشروط تجویز کے سابقہ ​​کی نشاندہی کریں: یونیورسٹی ٹیوشن بڑھاتی ہے اگر، اور صرف اس صورت میں، جب گورنر اور بورڈ آف ٹرسٹیز اس کی سفارش کرے۔,یونیورسٹی ٹیوشن بڑھاتی ہے۔|گورنر اس کی منظوری دیتا ہے۔|بورڈ آف ٹرسٹیز اس کی سفارش کرتا ہے۔|مندرجہ بالا میں سے کوئی بھی نہیں۔,formal_logic,3
predicate logic میں بہترین ترجمہ منتخب کریں۔ تمام سیارے مشتری سے چھوٹے ہیں۔ (j: مشتری؛ Px: x ایک سیارہ ہے؛ Sxy: x y سے چھوٹا ہے),(∃x)(Px • Sxj)|(∀x)(Px • Sxj)|(∀x)(Px ⊃ Sjx)|(∀x)(Px ⊃ Sxj),formal_logic,3
predicate logic میں بہترین ترجمہ منتخب کریں۔ ہوزے نے ولما کا کیون سے تعارف کرایا۔ (j: José؛ k: Kevin؛ w: Wilma؛ Ixyz: x y سے z متعارف کرواتا ہے),Iwkj|Ijwk|Iwjk|Ijkw,formal_logic,1
predicate logic میں بہترین ترجمہ منتخب کریں: کوئی نمونے لوگ نہیں ہیں۔,~پا|(∀x)(Ax ⊃ ~Px)|~ اے پی|(∀x)(Ax • ~Px),formal_logic,1
"مندرجہ ذیل دلیل کے لیے ایک مکمل سچائی جدول بنائیں۔ پھر، سچائی کی میز کا استعمال کرتے ہوئے، اس بات کا تعین کریں کہ آیا دلیل درست ہے یا غلط۔ اگر استدلال غلط ہے تو ایک آپشن کا انتخاب کریں جو جوابی مثال پیش کرے۔ (اس کے علاوہ دیگر متضاد مثالیں بھی ہو سکتی ہیں۔)
P ⊃ Q
Q · R / ~ P · R",درست|غلط جوابی مثال جب P، R، اور Q درست ہیں۔|غلط جوابی مثال جب P اور Q سچے ہیں اور R غلط ہے۔|غلط جوابی مثال جب R اور Q سچے ہیں اور P غلط ہے۔,formal_logic,1
predicate logic میں بہترین ترجمہ منتخب کریں۔ مارکو اٹلی سے سپین چلا گیا۔ (i: اٹلی؛ m: Marco؛ s: Spain؛ Mxyz: x z سے y میں منتقل ہوتا ہے),مسم|Mmis|ممس|ایم ایم ایس آئی,formal_logic,3
درج ذیل ترجمے کی کلید کا استعمال کرتے ہوئے، دی گئی تجویز کی بہترین انگریزی تشریح کا انتخاب کریں: Ax: x ایک اپارٹمنٹ ہے Hx: x ایک مکان Lx ہے: x بڑا ہے Bxy: x y (∀x){Ax ⊃ (∀y) سے بڑا ہے )[(Hy • Ly) ⊃ ∼Bxy]},تمام اپارٹمنٹس کسی بڑے گھر سے بڑے نہیں ہوتے۔|کوئی اپارٹمنٹ کسی بڑے گھر سے بڑا نہیں ہوتا۔|تمام بڑے گھر کسی اپارٹمنٹ سے بڑے نہیں ہوتے۔|کوئی بڑا گھر تمام اپارٹمنٹس سے بڑا نہیں ہوتا۔,formal_logic,1
"مندرجہ ذیل دلیل کے لیے ایک مکمل سچائی جدول بنائیں۔ پھر، سچائی کی میز کا استعمال کرتے ہوئے، اس بات کا تعین کریں کہ آیا دلیل درست ہے یا غلط۔ اگر استدلال غلط ہے تو ایک آپشن کا انتخاب کریں جو جوابی مثال پیش کرے۔ (اس کے علاوہ دیگر متضاد مثالیں بھی ہو سکتی ہیں۔)
J ≡ ~ K
J ∨ L
~K/L",درست|غلط جوابی مثال جب J اور K سچے ہیں اور L غلط ہے۔|غلط جوابی مثال جب J سچ ہے اور K اور L غلط ہیں۔|غلط جوابی مثال جب K سچ ہے اور J اور L غلط ہیں۔,formal_logic,2
"PL کا کون سا فارمولہ درج ذیل جملے کی بہترین علامت ہے؟
پابلو دکان پر جائے گا، اور صرف اس صورت میں جب، اس کا بھائی اسے چلاتا ہے اور گیس کی ادائیگی کرتا ہے۔",(P ≡ D) ≡ G|(D • G) ⊃ P|P ⊃ (D • G)|P ≡ (D • G),formal_logic,3
"اس بات کا تعین کرنے کے لیے بالواسطہ سچائی جدولوں کا استعمال کریں کہ آیا تجویز کا ہر سیٹ مطابقت رکھتا ہے۔ اگر سیٹ یکساں ہے تو، مستقل تشخیص کے ساتھ ایک آپشن منتخب کریں۔ (دوسری مستقل قیمتیں ہو سکتی ہیں۔)
D ≡ E
F ∨ D
~E · ~F",متضاد|متواتر۔ مستقل تشخیص جب D، E، اور F درست ہوں۔|متواتر۔ مستقل تشخیص جب D اور E سچے ہوں اور F غلط ہوں۔|متواتر۔ مستقل تشخیص جب D اور F سچے ہوں اور E غلط ہوں۔,formal_logic,0
"PL کا کون سا فارمولہ درج ذیل جملے کی بہترین علامت ہے؟
ریستوراں میٹھے کے لیے پائی یا چیزکیک یا آئس کریم پیش کرتا ہے۔",P ∨ (C ∨ I)|(P ∨ C) ∨ I|P ∨ C ∨ I|اختیارات A اور B,formal_logic,3
"PL کا کون سا فارمولہ درج ذیل جملے کی بہترین علامت ہے؟
اگر بیتھ اپنی موٹر سائیکل چلاتی ہے، تو وہ پہلے کام پر پہنچ جاتی ہے۔",B ⊃ W|W ⊃ B|B ≡ W|اے اور بی دونوں,formal_logic,0
پیش گوئی کی منطق میں بہترین ترجمہ منتخب کریں: یا تو ٹیلر یا ایرک ایک لیٹ لڑکا ہے۔,لیفٹیننٹ ∨ لی|Lx ∨ Ly|tL ∨ eL|Tl ⊃ El,formal_logic,0
"اس بات کا تعین کرنے کے لیے بالواسطہ سچائی میزیں استعمال کریں کہ آیا درج ذیل دلیل درست ہے۔ اگر استدلال غلط ہے تو ایک آپشن کا انتخاب کریں جو جوابی مثال پیش کرے۔ (اس کے علاوہ دیگر متضاد مثالیں بھی ہو سکتی ہیں۔)
E ⊃ F
G ⊃ ~F / ~G ∨ ~E",درست|غلط جوابی مثال جب E، F، اور G درست ہیں۔|غلط جوابی مثال جب E اور G سچے ہیں اور F غلط ہے۔|غلط جوابی مثال جب F اور G سچے ہیں اور E غلط ہے۔,formal_logic,0
"اس بات کا تعین کرنے کے لیے بالواسطہ سچائی جدولوں کا استعمال کریں کہ آیا تجویز کا ہر سیٹ مطابقت رکھتا ہے۔ اگر سیٹ یکساں ہے تو، مستقل تشخیص کے ساتھ ایک آپشن منتخب کریں۔ (دوسری مستقل قیمتیں ہو سکتی ہیں۔)
A ⊃ (~B ∨ C)
C ⊃ D
A ∨ (B · ~D)
A ≡ (B ⊃ D)",متضاد|متواتر۔ مستقل تشخیص جب A اور D سچے ہوں اور B اور C غلط ہوں۔|متواتر۔ مستقل تشخیص جب A، B، اور D درست ہیں اور C غلط ہیں۔|متواتر۔ مستقل تشخیص جب C اور D درست ہیں اور A اور B غلط ہیں۔,formal_logic,1
"مندرجہ ذیل دلیل کے لیے ایک مکمل سچائی جدول بنائیں۔ پھر، سچائی کی میز کا استعمال کرتے ہوئے، اس بات کا تعین کریں کہ آیا دلیل درست ہے یا غلط۔ اگر استدلال غلط ہے تو ایک آپشن کا انتخاب کریں جو جوابی مثال پیش کرے۔ (اس کے علاوہ دیگر متضاد مثالیں بھی ہو سکتی ہیں۔)
M ∨ N
~M · O/N",درست|غلط جوابی مثال جب M اور O سچے ہیں اور N غلط ہے۔|غلط جوابی مثال جب M سچ ہے اور O اور N غلط ہیں۔|غلط جوابی مثال جب O سچ ہے اور M اور N غلط ہیں۔,formal_logic,0
"درج ذیل میں سے کون سی تجویز دیے گئے احاطے کے PL میں فوری (ایک قدم) نتیجہ ہے؟
U ⊃ W
W ⊃ (X ≡ ~Y)
(X ≡ ~Y) ⊃ Z
~Z",U ⊃ Z|U ∨ ڈبلیو|~ ڈبلیو|~(X ≡ ~Y),formal_logic,3
مندرجہ ذیل مشروط تجویز کے سابقہ ​​کی نشاندہی کریں: اگر شہد کی مکھیاں اپنا پہلا گیم نہیں جیتتی ہیں، تو آرڈوارکس اور چپمنکس دونوں اپنے پہلے گیمز جیتتے ہیں۔,Aardvarks نے اپنا پہلا گیم جیت لیا۔|شہد کی مکھیاں اپنا پہلا گیم نہیں جیت پاتی ہیں۔|Chipmunks نے اپنا پہلا گیم جیت لیا۔|Aardvarks اور Chipmunks دونوں اپنے پہلے گیمز جیتتے ہیں۔,formal_logic,1
predicate logic میں بہترین ترجمہ منتخب کریں۔ ہولی فرانسس سے محبت کرتی ہے۔ (f: فرانسس؛ h: Holly؛ Lxy: x محبت کرتا ہے y),hLf|fLh|ایل ایف ایچ|ایل ایچ ایف,formal_logic,3
"اس بات کا تعین کرنے کے لیے بالواسطہ سچائی میزیں استعمال کریں کہ آیا درج ذیل دلیل درست ہے۔ اگر استدلال غلط ہے تو ایک آپشن کا انتخاب کریں جو جوابی مثال پیش کرے۔ (اس کے علاوہ دیگر متضاد مثالیں بھی ہو سکتی ہیں۔)
P ⊃ (Q ∨ R)
(Q · S) ⊃ ~P
~(~Q ∨ R) / ~P",درست|غلط جوابی مثال جب P، Q، R، اور S درست ہیں۔|غلط جوابی مثال جب P اور Q سچے ہیں اور R اور S غلط ہیں۔|غلط جوابی مثال جب P، R، اور S سچے ہیں اور Q غلط ہے۔,formal_logic,2
"مندرجہ ذیل دلیل کے لیے ایک مکمل سچائی جدول بنائیں۔ پھر، سچائی کی میز کا استعمال کرتے ہوئے، اس بات کا تعین کریں کہ آیا دلیل درست ہے یا غلط۔ اگر استدلال غلط ہے تو ایک آپشن کا انتخاب کریں جو جوابی مثال پیش کرے۔ (اس کے علاوہ دیگر متضاد مثالیں بھی ہو سکتی ہیں۔)
T ∨ U
W · T / U",درست|غلط جوابی مثال جب T اور W سچے ہیں اور U غلط ہے۔|غلط جوابی مثال جب T سچ ہے اور W اور U غلط ہیں۔|غلط جوابی مثال جب W صحیح ہے اور T اور U غلط ہیں۔,formal_logic,1
مندرجہ ذیل مشروط تجویز کے سابقہ ​​کی نشاندہی کریں: یونیورسٹی ٹیوشن بڑھاتی ہے اگر گورنر اس کی منظوری دیتے ہیں اور بورڈ آف ٹرسٹیز اس کی سفارش کرتے ہیں۔,یونیورسٹی ٹیوشن بڑھاتی ہے۔|گورنر اس کی منظوری دیتا ہے۔|بورڈ آف ٹرسٹیز اس کی سفارش کرتا ہے۔|گورنر اس کی منظوری دیتا ہے اور بورڈ آف ٹرسٹیز اس کی سفارش کرتا ہے۔,formal_logic,3
مندرجہ ذیل مشروط تجویز کے سابقہ ​​کی شناخت کریں: ریستوراں میں مٹر نہیں ہوتے ہیں، اس لیے وہ مکئی اور آلو پیش کرتے ہیں۔,ریستوراں میں مٹر ہیں۔|ریستوراں میں مٹر نہیں ہیں۔|ریستوراں مکئی پیش کرتا ہے۔|ریستوراں آلو پیش کرتا ہے۔,formal_logic,1
predicate logic میں بہترین ترجمہ منتخب کریں۔ تمام جیلی بین تمام پھلوں سے زیادہ میٹھی ہوتی ہیں۔ (Fx: x ایک پھل ہے؛ Jx: x ایک جیلی بین ہے؛ Sxy: x y سے زیادہ میٹھا ہے),(∀x)[Fx ⊃ (∀y)(Jy ⊃ Sxy)]|(∀x)(∀y)[(Fx • Jy) • Sxy]|(∀x)(∀y)[Sxy ⊃ (Fy • Jx)]|(∀x)[Jx ⊃ (∀y)(Fy ⊃ Sxy)],formal_logic,3
مندرجہ ذیل دلیل کے نتیجے کی نشاندہی کریں۔ کہ دنیا میرا خیال ہے ہر جاندار کے لیے ایک سچائی ہے، حالانکہ اس پر صرف انسان ہی غور کر سکتا ہے۔ ایسا کرنے سے، وہ فلسفیانہ حکمت حاصل کرتا ہے۔ کوئی سچائی اس سے زیادہ قطعی طور پر یقینی نہیں ہے کہ جو کچھ علم کے لیے موجود ہے اور اس لیے یہ دنیا صرف موضوع کے سلسلے میں ایک شے ہے، ایک ادراک کے ادراک سے۔ دنیا ایک خیال ہے۔ (آرتھر شوپن ہاور، دی ورلڈ بطور ول اینڈ آئیڈیا),دنیا ایک خیال ہے۔|کہ دنیا میرا خیال ہے ہر جاندار کے لیے ایک سچائی ہے، حالانکہ اس پر صرف انسان ہی غور کر سکتا ہے۔|ایسا کرنے سے، وہ فلسفیانہ حکمت حاصل کرتا ہے۔|کوئی سچائی اس سے زیادہ قطعی طور پر یقینی نہیں ہے کہ جو کچھ علم کے لیے موجود ہے اور اس لیے یہ دنیا صرف موضوع کے سلسلے میں ایک شے ہے، ایک ادراک کے ادراک سے۔,formal_logic,0
predicate logic میں بہترین ترجمہ منتخب کریں۔ لیو کیتھی سے لمبا ہے۔ (c: Cathy؛ l: Leo؛ Txy: x y سے لمبا ہے),Tlc|ٹی سی ایل|ایل ٹی سی|cTl,formal_logic,0
"مندرجہ ذیل تجاویز کے جوڑے کے لیے ایک مکمل سچائی جدول بنائیں۔ پھر، سچائی جدولوں کا استعمال کرتے ہوئے، اس بات کا تعین کریں کہ آیا بیانات منطقی طور پر مساوی ہیں یا متضاد۔ اگر کوئی بھی نہیں ہے تو اس بات کا تعین کریں کہ آیا وہ مطابقت رکھتے ہیں یا متضاد۔ اپنے جوابات کا جواز پیش کریں۔
C ⊃ (D ∨ C) اور C · ~D",منطقی طور پر مساوی|متضاد|منطقی طور پر نہ تو مساوی اور نہ ہی متضاد، لیکن مستقل|متضاد,formal_logic,2
"مندرجہ ذیل تجاویز کے جوڑے کے لیے ایک مکمل سچائی جدول بنائیں۔ پھر، سچائی جدولوں کا استعمال کرتے ہوئے، اس بات کا تعین کریں کہ آیا بیانات منطقی طور پر مساوی ہیں یا متضاد۔ اگر کوئی بھی نہیں ہے تو اس بات کا تعین کریں کہ آیا وہ مطابقت رکھتے ہیں یا متضاد۔ اپنے جوابات کا جواز پیش کریں۔
~O ⊃ P اور O ∨ P",منطقی طور پر مساوی|متضاد|منطقی طور پر نہ تو مساوی اور نہ ہی متضاد، لیکن مستقل|متضاد,formal_logic,0
"اس بات کا تعین کرنے کے لیے بالواسطہ سچائی میزیں استعمال کریں کہ آیا درج ذیل دلیل درست ہے۔ اگر استدلال غلط ہے تو ایک آپشن کا انتخاب کریں جو جوابی مثال پیش کرے۔ (اس کے علاوہ دیگر متضاد مثالیں بھی ہو سکتی ہیں۔)
(T · ~U) ⊃ ~W
~W ⊃ X
~Z ⊃ W
~(X · Z) / T ⊃ U",درست|غلط جوابی مثال جب T، X، اور Z سچے ہیں اور U اور W غلط ہیں۔|غلط جوابی مثال جب T اور X سچے ہیں اور U، W، اور Z غلط ہیں۔|غلط جوابی مثال جب T، W، اور Z سچے ہیں اور U اور X غلط ہیں۔,formal_logic,0
پیش گوئی کی منطق میں بہترین ترجمہ منتخب کریں: سیسلیا میرا دل توڑ دیتی ہے اگر، اور صرف اس صورت میں، جب ماریہ یا تو کوئی مسئلہ ہے یا لڑکی۔,Bc ≡ (Pm ∨ Gm)|Bc ≡ (Pm • Gm)|Bc ⊃ (Pm ∨ Gm)|Cb ⊃ (Pm • Gm),formal_logic,0
پیش گوئی کی منطق میں بہترین ترجمہ منتخب کریں: اگر ڈیلیلا نیویارک شہر میں ہے، تو جوانا بوگوٹا میں ہے یا لیلا سان جوآن میں ہے۔,Nd ⊃ (Bj • Sl)|Dn ≡ (Bx • Ly)|Nd ≡ (Bj • Sl)|Nd ⊃ (Bj ∨ Sl),formal_logic,3
"PL کے دیے گئے فارمولے کو قدرتی، انگریزی جملوں میں ترجمہ کرنے کے لیے درج ذیل کلید کا استعمال کریں۔
A: مرینا پرسی جیکسن کی کتاب پڑھتی ہے۔
B: Izzy Minecraft کھیلتا ہے۔
ج: ایملی کام کرنا چھوڑ دیتی ہے۔
D: رسل رات کا کھانا بناتا ہے۔
ای: ایشلی رک جاتی ہے۔
~(A ⊃ B) • (B ⊃ ~E)",ایسا نہیں ہے کہ مرینا کا پرسی جیکسن کی کتاب پڑھنا اس بات پر منحصر ہے کہ Izzy Minecraft کھیلتا ہے، لیکن Izzy کی Minecraft کھیلنا اس بات کا تقاضا کرتا ہے کہ Ashleigh اس سے باز نہیں آتی ہے۔|اگر مرینا پرسی جیکسن کی کتاب نہیں پڑھتی ہے، تو ایزی مائن کرافٹ کھیلتی ہے، جس میں یہ شامل ہوتا ہے کہ ایشلی اس سے باز نہیں آتی ہے۔|مرینا کا پرسی جیکسن کی کتاب پڑھنا یہ نہیں کہتا کہ Izzy Minecraft کھیلتا ہے، لیکن Izzy Minecraft کھیلتا ہے بشرطیکہ Ashleigh اس سے باز نہ آئے۔|یہ سچ نہیں ہے کہ مرینا پرسی جیکسن کی کتاب صرف اس وقت پڑھتی ہے جب Izzy Minecraft کھیلتا ہے، لیکن Izzy Minecraft کھیلتی ہے جب Ashleigh رک جاتی ہے۔,formal_logic,0
"اس بات کا تعین کرنے کے لیے بالواسطہ سچائی میزیں استعمال کریں کہ آیا درج ذیل دلیل درست ہے۔ اگر استدلال غلط ہے تو ایک آپشن کا انتخاب کریں جو جوابی مثال پیش کرے۔ (اس کے علاوہ دیگر متضاد مثالیں بھی ہو سکتی ہیں۔)
(A ∨ B) ⊃ C
C ⊃ ~D / D ⊃ A",درست|غلط جوابی مثال جب B، C، اور D سچے ہیں اور A غلط ہے۔|غلط جوابی مثال جب B اور D سچے ہیں اور A اور C غلط ہیں۔|غلط جوابی مثال جب A، B، اور C غلط ہیں اور D درست ہے۔,formal_logic,3
"predicate logic میں دیے گئے دلائل کی بہترین انگریزی تشریح منتخب کریں۔
Dh ⊃ ~Pt
(∀x)Px ∨ (∀x)Mx
~Mb / ~Dh",اگر میرا سر درد دوہری حالت ہے، تو آپ کی گدگدی ایک جسمانی حالت ہے۔ یا تو سب کچھ جسمانی ہے یا سب کچھ ذہنی۔ لیکن میرے ٹوٹے ہوئے پیر کی ذہنی حالت نہیں ہے۔ تو میرا سر درد دوہری حالت نہیں ہے۔|اگر میرا سر درد دوہری حالت ہے، تو آپ کی گدگدی جسمانی حالت نہیں ہے۔ یا تو سب کچھ جسمانی ہے یا سب کچھ ذہنی۔ لیکن میرے ٹوٹے ہوئے پیر کی ذہنی حالت نہیں ہے۔ تو میرا سر درد دوہری حالت نہیں ہے۔|اگر میرا سر درد دوہری حالت ہے، تو آپ کی گدگدی جسمانی حالت نہیں ہے۔ اگر سب کچھ جسمانی ہے تو سب کچھ ذہنی ہے۔ لیکن میرے ٹوٹے ہوئے پیر کی ذہنی حالت نہیں ہے۔ تو میرا سر درد دوہری حالت نہیں ہے۔|اگر میرا سر درد دوہری حالت ہے، تو آپ کی گدگدی جسمانی حالت نہیں ہے۔ ہر چیز یا تو جسمانی ہے یا ذہنی۔ لیکن میرے ٹوٹے ہوئے پیر کی ذہنی حالت نہیں ہے۔ تو میرا سر درد دوہری حالت نہیں ہے۔,formal_logic,1
"درج ذیل میں سے کون سی تجویز دیے گئے احاطے کے PL میں فوری (ایک قدم) نتیجہ ہے؟
A ⊃ (B • C)
~(B • C)
A ∨ (D ∨ B)",اے|~ اے|بی|~ بی,formal_logic,1
"درج ذیل میں سے کون سی تجویز دیے گئے احاطے کے PL میں فوری (ایک قدم) نتیجہ ہے؟
(N ⊃ ~O) ⊃ (O ∨ Q)
P ⊃ (N ⊃ ~O)
N ⊃ P",پی|N ⊃ ~O|O ∨ Q|~ پی,formal_logic,0
predicate logic میں بہترین ترجمہ منتخب کریں۔ زمین مشتری سے بڑی نہیں ہے۔ (e: Earth؛ j: مشتری؛ Bxy: x y سے بڑا ہے),~ بی جے|بیج|Bje~|~بیج,formal_logic,3
مندرجہ ذیل مشروط تجویز کے سابقہ ​​کی نشاندہی کریں: شہد کی مکھیوں کا اپنا پہلا گیم جیتنا ضروری ہے یا تو Aardvarks یا Chipmunks اپنا پہلا گیم نہ جیتیں۔,Aardvarks اپنا پہلا گیم نہیں جیت پائے۔|شہد کی مکھیاں اپنا پہلا گیم جیتتی ہیں۔|چپمنکس اپنا پہلا گیم نہیں جیت پائے۔|یا تو Aardvarks یا Chipmunks اپنا پہلا گیم نہیں جیت پاتے۔,formal_logic,3
مندرجہ ذیل مشروط تجویز کے سابقہ ​​کی نشاندہی کریں: شہد کی مکھیاں اپنا پہلا گیم صرف اسی صورت میں جیتتی ہیں جب یا تو Aardvarks یا Chipmunks اپنے پہلے گیمز نہ جیتیں۔,Aardvarks اپنا پہلا گیم نہیں جیت پائے۔|شہد کی مکھیاں اپنا پہلا گیم جیتتی ہیں۔|چپمنکس اپنا پہلا گیم نہیں جیت پائے۔|یا تو Aardvarks یا Chipmunks اپنے پہلے گیمز نہیں جیتے ہیں۔,formal_logic,1
پیش گوئی کی منطق میں بہترین ترجمہ منتخب کریں: کچھ کھلاڑی زخمی نہیں ہوتے ہیں۔,~ آئی اے|(∃x)(Ax • ~Ix)|~ اے|(∃x)(Ix ∨ ~Ax),formal_logic,1
"مندرجہ ذیل تجاویز کے جوڑے کے لیے ایک مکمل سچائی جدول بنائیں۔ پھر، سچائی جدولوں کا استعمال کرتے ہوئے، اس بات کا تعین کریں کہ آیا بیانات منطقی طور پر مساوی ہیں یا متضاد۔ اگر کوئی بھی نہیں ہے تو اس بات کا تعین کریں کہ آیا وہ مطابقت رکھتے ہیں یا متضاد۔ اپنے جوابات کا جواز پیش کریں۔
I ≡ ~H اور ~(~I ≡ H)",منطقی طور پر مساوی|متضاد|منطقی طور پر نہ تو مساوی اور نہ ہی متضاد، لیکن مستقل|متضاد,formal_logic,1
